/*******************************************************************************
 * Size: 18 px
 * Bpp: 1
 * Opts: --font /agent/public/SourceHanSansCN-Bold-2.otf --size 18 --bpp 1 --format lvgl --lv-include lvgl.h --no-compress --force-fast-kern-format --symbols  !"#%&'()*+,-./0123456789:;<=>?@ABCDEFGHIJKLMNOPQRSTUVWXYZ[\]_abcdefghijklmnopqrstuvwxyz{|}°一三上下中九二井亦亨人仁仔任佐何來俊倚值健元兆光全公出分利刪到刷力加務北匯千南即去友口古台吉后向呂咀和咖商啡善嘉器回國圍園地城埗基堂場墟士壽大天太夫央失妙威子孚學安完官定客富寧寶寺將小尖尚尼局屋展屯山岸峰島嶺州工已巴市府庭康廈廠廣建彩彼德心快怡恆恒愉愛戲才押掃排改政敗敦文新旅旺昌明星時景暉曲更書會服未村東松林枝柯柳栢楓榮樂樓樹橋機檢欖欣欽水永江沙河法泥泰泳洪海消涌深清港源澄澳灘灣炮無物珠理琴瑞生田甸登皇盈盧真眾石碧碼磚磡福禧禾秀科程窩立站竹笏管紅紫線總置署美翔翠耀老聖聚聯育胡興良花芳苑荃荔莊菁華菲落葵藍號蝴蝶街裕西覽觀角設警議變豐財購赤路車軍輕輸轉迪連逸遊運過道達選邦邨郵都鄭醫里重金銀鍾鐘鐵長門開間閣防院陳隧雅雲電青面項順預頭館香體高鱲鳳鳴麗麟黃龍 --output /agent/firmware/eta-app-esp32/font_source_han_sans_18.c
 ******************************************************************************/

#ifdef LV_LVGL_H_INCLUDE_SIMPLE
#include "lvgl.h"
#else
#include "lvgl.h"
#endif

#ifndef FONT_SOURCE_HAN_SANS_18
#define FONT_SOURCE_HAN_SANS_18 1
#endif

#if FONT_SOURCE_HAN_SANS_18

/*-----------------
 *    BITMAPS
 *----------------*/

/*Store the image of the glyphs*/
static LV_ATTRIBUTE_LARGE_CONST const uint8_t glyph_bitmap[] = {
    /* U+0020 " " */
    0x0,

    /* U+0021 "!" */
    0x6d, 0xb6, 0xdb, 0x63, 0xfe,

    /* U+0022 "\"" */
    0xef, 0xdf, 0xbf, 0x7e, 0xe8, 0x80,

    /* U+0023 "#" */
    0x33, 0x19, 0x8c, 0xdf, 0xff, 0xf9, 0x11, 0x89,
    0xff, 0xff, 0xb3, 0x19, 0x8c, 0xc4, 0x60,

    /* U+0025 "%" */
    0x38, 0x10, 0x7c, 0x30, 0xc6, 0x20, 0xc6, 0x60,
    0xc6, 0x40, 0xc6, 0xde, 0x7c, 0x92, 0x39, 0xb3,
    0x1, 0x33, 0x3, 0x33, 0x6, 0x33, 0x4, 0x1e,
    0xc, 0x1e,

    /* U+0026 "&" */
    0x1e, 0x3, 0xf0, 0x33, 0x3, 0x30, 0x36, 0x1,
    0xe0, 0x38, 0x77, 0xc6, 0xe6, 0xee, 0x3c, 0xe1,
    0xe7, 0xff, 0x3e, 0x30,

    /* U+0027 "'" */
    0xff, 0xfe, 0x80,

    /* U+0028 "(" */
    0x3, 0x76, 0x6c, 0xcc, 0xcc, 0xcc, 0xcc, 0x66,
    0x23, 0x0,

    /* U+0029 ")" */
    0xc, 0xc6, 0x63, 0x33, 0x33, 0x33, 0x33, 0x66,
    0xcc, 0x0,

    /* U+002A "*" */
    0x10, 0x23, 0xfb, 0xe3, 0x8d, 0x81, 0x0,

    /* U+002B "+" */
    0xc, 0x6, 0x3, 0x1f, 0xff, 0xf8, 0x60, 0x30,
    0x18, 0xc, 0x0,

    /* U+002C "," */
    0xef, 0xf3, 0x6e, 0x80,

    /* U+002D "-" */
    0xff, 0xc0,

    /* U+002E "." */
    0xff, 0x80,

    /* U+002F "/" */
    0x4, 0x30, 0xc3, 0x8, 0x61, 0x86, 0x30, 0xc3,
    0x8, 0x61, 0x86, 0x10, 0xc0,

    /* U+0030 "0" */
    0x3e, 0x3f, 0x9d, 0xdc, 0x7e, 0x3f, 0x1f, 0x8f,
    0xc7, 0xe3, 0xf1, 0xdd, 0xcf, 0xe3, 0xe0,

    /* U+0031 "1" */
    0x1c, 0xfc, 0xfc, 0x1c, 0x1c, 0x1c, 0x1c, 0x1c,
    0x1c, 0x1c, 0x1c, 0xff, 0xff,

    /* U+0032 "2" */
    0x3e, 0x7f, 0xb1, 0xe0, 0x70, 0x38, 0x1c, 0x1c,
    0x1e, 0x1e, 0x1e, 0x1e, 0x1f, 0xff, 0xf8,

    /* U+0033 "3" */
    0x3e, 0x3f, 0x98, 0xe0, 0x70, 0x78, 0xf0, 0x78,
    0xf, 0x3, 0x81, 0xd1, 0xff, 0xe3, 0xe0,

    /* U+0034 "4" */
    0xf, 0x3, 0xc1, 0xf0, 0xfc, 0x37, 0x1d, 0xc6,
    0x73, 0x9c, 0xff, 0xff, 0xf0, 0x70, 0x1c, 0x7,
    0x0,

    /* U+0035 "5" */
    0x7f, 0x3f, 0x98, 0xc, 0x7, 0xe3, 0xf8, 0x1e,
    0x7, 0x3, 0x81, 0xf1, 0xff, 0xe3, 0xc0,

    /* U+0036 "6" */
    0x1e, 0x1f, 0xdc, 0x5c, 0xe, 0x7, 0x73, 0xfd,
    0xcf, 0xc3, 0xe1, 0xd9, 0xef, 0xe1, 0xe0,

    /* U+0037 "7" */
    0xff, 0xff, 0xc1, 0xc0, 0xc0, 0xe0, 0xe0, 0x70,
    0x30, 0x38, 0x1c, 0xe, 0x7, 0x3, 0x80,

    /* U+0038 "8" */
    0x3c, 0x3f, 0x38, 0xdc, 0x6e, 0x33, 0xb0, 0x78,
    0xce, 0xe3, 0xf1, 0xf8, 0xef, 0xe3, 0xe0,

    /* U+0039 "9" */
    0x3c, 0x3f, 0xbc, 0xdc, 0x3e, 0x1f, 0x1d, 0xfe,
    0xf7, 0x3, 0x81, 0x91, 0xdf, 0xc3, 0xc0,

    /* U+003A ":" */
    0xff, 0x80, 0x7, 0xfc,

    /* U+003B ";" */
    0xee, 0xe0, 0x0, 0xe, 0xff, 0x36, 0xe8,

    /* U+003C "<" */
    0x0, 0x83, 0xc7, 0xdf, 0xe, 0x7, 0xe0, 0x7e,
    0x7, 0x0, 0x80,

    /* U+003D "=" */
    0xff, 0xff, 0xc0, 0x0, 0x0, 0x7, 0xff, 0xfe,

    /* U+003E ">" */
    0x80, 0x78, 0x1f, 0x1, 0xf0, 0x38, 0xff, 0xf1,
    0xc0, 0x80, 0x0,

    /* U+003F "?" */
    0x3c, 0xff, 0x47, 0x7, 0x7, 0xe, 0x1c, 0x18,
    0x38, 0x0, 0x38, 0x38, 0x38,

    /* U+0040 "@" */
    0x3, 0xf0, 0xf, 0xf8, 0x1c, 0x1c, 0x38, 0x6,
    0x70, 0x7, 0x63, 0xa3, 0xe7, 0xe3, 0xc6, 0x63,
    0xcc, 0x63, 0xcc, 0x47, 0xcc, 0xe6, 0xcf, 0xfe,
    0xe7, 0x38, 0x70, 0x0, 0x38, 0x20, 0x1f, 0xe0,
    0xf, 0xc0,

    /* U+0041 "A" */
    0xf, 0x0, 0xf0, 0x1f, 0x1, 0xb0, 0x1b, 0x83,
    0x98, 0x39, 0x83, 0x1c, 0x7f, 0xc7, 0xfc, 0x60,
    0xee, 0xe, 0xe0, 0x60,

    /* U+0042 "B" */
    0xfe, 0x3f, 0xee, 0x3b, 0x8e, 0xe3, 0xbf, 0xcf,
    0xfb, 0x8f, 0xe1, 0xf8, 0x7e, 0x3f, 0xfe, 0xff,
    0x0,

    /* U+0043 "C" */
    0xf, 0x87, 0xf9, 0xe2, 0x38, 0xe, 0x1, 0xc0,
    0x38, 0x7, 0x0, 0xe0, 0xe, 0x1, 0xe3, 0x1f,
    0xe0, 0xf8,

    /* U+0044 "D" */
    0xfe, 0x3f, 0xce, 0x7b, 0x8f, 0xe1, 0xf8, 0x7e,
    0x1f, 0x87, 0xe1, 0xf8, 0xee, 0x7b, 0xfc, 0xfe,
    0x0,

    /* U+0045 "E" */
    0xff, 0xff, 0xf8, 0x1c, 0xe, 0x7, 0xfb, 0xfd,
    0xc0, 0xe0, 0x70, 0x38, 0x1f, 0xff, 0xf8,

    /* U+0046 "F" */
    0xff, 0xff, 0xe0, 0xe0, 0xe0, 0xe0, 0xff, 0xff,
    0xe0, 0xe0, 0xe0, 0xe0, 0xe0,

    /* U+0047 "G" */
    0xf, 0x87, 0xfd, 0xe3, 0x38, 0xe, 0x1, 0xc0,
    0x38, 0xff, 0x1f, 0xe0, 0xee, 0x1d, 0xe3, 0x9f,
    0xf0, 0xf8,

    /* U+0048 "H" */
    0xe0, 0xfc, 0x1f, 0x83, 0xf0, 0x7e, 0xf, 0xff,
    0xff, 0xff, 0x7, 0xe0, 0xfc, 0x1f, 0x83, 0xf0,
    0x7e, 0xe,

    /* U+0049 "I" */
    0xff, 0xff, 0xff, 0xff, 0xfe,

    /* U+004A "J" */
    0x3, 0x81, 0xc0, 0xe0, 0x70, 0x38, 0x1c, 0xe,
    0x7, 0x3, 0x81, 0xd9, 0xef, 0xe3, 0xe0,

    /* U+004B "K" */
    0xe1, 0xdc, 0x73, 0x9c, 0x73, 0x8e, 0xe1, 0xfc,
    0x3f, 0x87, 0xb8, 0xf3, 0x1c, 0x73, 0x87, 0x70,
    0xee, 0xe,

    /* U+004C "L" */
    0xe0, 0xe0, 0xe0, 0xe0, 0xe0, 0xe0, 0xe0, 0xe0,
    0xe0, 0xe0, 0xe0, 0xff, 0xff,

    /* U+004D "M" */
    0xf0, 0xff, 0xf, 0xf0, 0xff, 0x8f, 0xf9, 0xff,
    0x9f, 0xe9, 0x7e, 0xf7, 0xef, 0x7e, 0x67, 0xe6,
    0x7e, 0x67, 0xe0, 0x70,

    /* U+004E "N" */
    0xe1, 0xfc, 0x7f, 0x1f, 0xe7, 0xf9, 0xfb, 0x7e,
    0xdf, 0xb7, 0xe7, 0xf9, 0xfe, 0x3f, 0x8f, 0xe1,
    0xc0,

    /* U+004F "O" */
    0x1f, 0x83, 0xfc, 0x71, 0xef, 0xe, 0xe0, 0x7e,
    0x7, 0xe0, 0x7e, 0x7, 0xe0, 0x77, 0xe, 0x71,
    0xe3, 0xfc, 0x1f, 0x80,

    /* U+0050 "P" */
    0xff, 0x3f, 0xee, 0x3f, 0x87, 0xe1, 0xf8, 0xff,
    0xfb, 0xfc, 0xe0, 0x38, 0xe, 0x3, 0x80, 0xe0,
    0x0,

    /* U+0051 "Q" */
    0x1f, 0x81, 0xfe, 0x1e, 0x78, 0xe1, 0xce, 0x7,
    0x70, 0x3b, 0x81, 0xdc, 0xe, 0xe0, 0x77, 0x3,
    0x9c, 0x38, 0xff, 0xc3, 0xfc, 0x3, 0x80, 0x1e,
    0x0, 0x7e, 0x0, 0xf8,

    /* U+0052 "R" */
    0xff, 0x1f, 0xf3, 0x8f, 0x70, 0xee, 0x1d, 0xc7,
    0xbf, 0xe7, 0xf0, 0xe7, 0x1c, 0xe3, 0x8e, 0x71,
    0xee, 0x1c,

    /* U+0053 "S" */
    0x1f, 0xf, 0xf7, 0x19, 0xc0, 0x78, 0x1f, 0x83,
    0xf8, 0x3f, 0x3, 0xc0, 0x76, 0x1d, 0xfe, 0x3f,
    0x0,

    /* U+0054 "T" */
    0xff, 0xff, 0xf0, 0xe0, 0x38, 0xe, 0x3, 0x80,
    0xe0, 0x38, 0xe, 0x3, 0x80, 0xe0, 0x38, 0xe,
    0x0,

    /* U+0055 "U" */
    0xe0, 0xfc, 0x1f, 0x83, 0xf0, 0x7e, 0xf, 0xc1,
    0xf8, 0x3f, 0x7, 0xe0, 0xfc, 0x1d, 0xc7, 0x3f,
    0xe1, 0xf0,

    /* U+0056 "V" */
    0xe0, 0xfc, 0x1d, 0x83, 0x38, 0x67, 0x1c, 0x63,
    0xc, 0x61, 0xdc, 0x1b, 0x83, 0x60, 0x7c, 0xf,
    0x80, 0xe0,

    /* U+0057 "W" */
    0xe1, 0xc7, 0x61, 0xc7, 0x61, 0xc7, 0x73, 0xc6,
    0x73, 0xe6, 0x73, 0x66, 0x33, 0x6e, 0x36, 0x6e,
    0x36, 0x6c, 0x3e, 0x7c, 0x3e, 0x3c, 0x1c, 0x3c,
    0x1c, 0x3c,

    /* U+0058 "X" */
    0x70, 0xee, 0x38, 0xe6, 0x1d, 0xc1, 0xf0, 0x1e,
    0x3, 0x80, 0xf8, 0x1b, 0x7, 0x70, 0xc7, 0x38,
    0xe6, 0xe,

    /* U+0059 "Y" */
    0xe0, 0xee, 0x19, 0xc7, 0x18, 0xc3, 0xb8, 0x36,
    0x7, 0xc0, 0x70, 0xe, 0x1, 0xc0, 0x38, 0x7,
    0x0, 0xe0,

    /* U+005A "Z" */
    0x7f, 0xdf, 0xf0, 0x38, 0xe, 0x7, 0x3, 0x80,
    0xe0, 0x70, 0x38, 0x1e, 0x7, 0x3, 0xff, 0xff,
    0xc0,

    /* U+005B "[" */
    0xff, 0xcc, 0xcc, 0xcc, 0xcc, 0xcc, 0xcc, 0xcc,
    0xff,

    /* U+005C "\\" */
    0x40, 0xc1, 0x83, 0x2, 0x6, 0xc, 0x18, 0x18,
    0x30, 0x60, 0x40, 0xc1, 0x83, 0x2, 0x6,

    /* U+005D "]" */
    0xff, 0x33, 0x33, 0x33, 0x33, 0x33, 0x33, 0x33,
    0xff,

    /* U+005F "_" */
    0xff, 0xff, 0xf0,

    /* U+0061 "a" */
    0x3e, 0x3f, 0x90, 0xe0, 0x73, 0xfb, 0x9f, 0x8f,
    0xcf, 0xff, 0xbd, 0xc0,

    /* U+0062 "b" */
    0xe0, 0x70, 0x38, 0x1c, 0xe, 0xe7, 0xfb, 0x9f,
    0xc7, 0xe3, 0xf1, 0xf8, 0xfc, 0xef, 0xf7, 0x70,

    /* U+0063 "c" */
    0x1f, 0x3f, 0x9c, 0x1c, 0xe, 0x7, 0x3, 0x80,
    0xe2, 0x7f, 0xf, 0x0,

    /* U+0064 "d" */
    0x1, 0xc0, 0x70, 0x1c, 0x7, 0x3d, 0xdf, 0xf7,
    0x1f, 0x87, 0xe1, 0xf8, 0x7e, 0x1f, 0xcf, 0x7f,
    0xcf, 0x70,

    /* U+0065 "e" */
    0x1f, 0xf, 0xe7, 0x3d, 0x87, 0x7f, 0xff, 0xf6,
    0x1, 0xc0, 0x3f, 0x87, 0xc0,

    /* U+0066 "f" */
    0x3e, 0xfd, 0xc3, 0x8f, 0xdf, 0x9c, 0x38, 0x70,
    0xe1, 0xc3, 0x87, 0xe, 0x0,

    /* U+0067 "g" */
    0x3f, 0xdf, 0xfe, 0x3b, 0x8e, 0xe3, 0x9f, 0xc7,
    0xe3, 0x80, 0xff, 0x9f, 0xfc, 0x1f, 0xf, 0xff,
    0x8f, 0x80,

    /* U+0068 "h" */
    0xe0, 0x70, 0x38, 0x1c, 0xe, 0xf7, 0xff, 0xcf,
    0xc7, 0xe3, 0xf1, 0xf8, 0xfc, 0x7e, 0x3f, 0x1c,

    /* U+0069 "i" */
    0xff, 0x8f, 0xff, 0xff, 0xff, 0xc0,

    /* U+006A "j" */
    0x39, 0xce, 0x3, 0x9c, 0xe7, 0x39, 0xce, 0x73,
    0x9c, 0xe7, 0xf7, 0x0,

    /* U+006B "k" */
    0xe0, 0x38, 0xe, 0x3, 0x80, 0xe3, 0xb9, 0xce,
    0xe3, 0xb0, 0xfc, 0x3f, 0x8f, 0x63, 0x9c, 0xe3,
    0xb8, 0x60,

    /* U+006C "l" */
    0xee, 0xee, 0xee, 0xee, 0xee, 0xee, 0xf7,

    /* U+006D "m" */
    0xef, 0x3d, 0xff, 0xff, 0xcf, 0x3f, 0x1c, 0x7e,
    0x38, 0xfc, 0x71, 0xf8, 0xe3, 0xf1, 0xc7, 0xe3,
    0x8f, 0xc7, 0x1c,

    /* U+006E "n" */
    0xef, 0x7f, 0xfc, 0xfc, 0x7e, 0x3f, 0x1f, 0x8f,
    0xc7, 0xe3, 0xf1, 0xc0,

    /* U+006F "o" */
    0x1e, 0x1f, 0xe7, 0x3b, 0x87, 0xe1, 0xf8, 0x7e,
    0x1d, 0xce, 0x7f, 0x87, 0x80,

    /* U+0070 "p" */
    0xee, 0x7f, 0xb9, 0xfc, 0x7e, 0x3f, 0x1f, 0x8f,
    0xce, 0xff, 0x77, 0x38, 0x1c, 0xe, 0x7, 0x0,

    /* U+0071 "q" */
    0x3f, 0xdf, 0xf7, 0x1f, 0x87, 0xe1, 0xf8, 0x7e,
    0x1f, 0xcf, 0x7f, 0xcf, 0x70, 0x1c, 0x7, 0x1,
    0xc0, 0x70,

    /* U+0072 "r" */
    0xef, 0xfb, 0xc7, 0xe, 0x1c, 0x38, 0x70, 0xe1,
    0xc0,

    /* U+0073 "s" */
    0x1f, 0x3f, 0xdc, 0x4e, 0x3, 0xe0, 0xf8, 0xe,
    0x87, 0xff, 0x9f, 0x0,

    /* U+0074 "t" */
    0x70, 0xe1, 0xc7, 0xff, 0xee, 0x1c, 0x38, 0x70,
    0xe1, 0xc3, 0xf3, 0xe0,

    /* U+0075 "u" */
    0xe3, 0xf1, 0xf8, 0xfc, 0x7e, 0x3f, 0x1f, 0x8f,
    0xcf, 0xff, 0xbd, 0xc0,

    /* U+0076 "v" */
    0xe1, 0xd8, 0x77, 0x19, 0xc6, 0x33, 0x8e, 0xc3,
    0xb0, 0x7c, 0x1e, 0x3, 0x80,

    /* U+0077 "w" */
    0x61, 0x8e, 0xc7, 0x1d, 0xcf, 0x33, 0x9e, 0x63,
    0x2c, 0xc6, 0xdb, 0x8f, 0x9e, 0x1f, 0x3c, 0x1c,
    0x78, 0x38, 0xf0,

    /* U+0078 "x" */
    0x71, 0x9c, 0xe3, 0xb0, 0x7c, 0x1e, 0x7, 0x83,
    0xf0, 0xdc, 0x73, 0x98, 0x70,

    /* U+0079 "y" */
    0xe1, 0xd8, 0x77, 0x18, 0xc6, 0x33, 0x8e, 0xc1,
    0xb0, 0x78, 0xe, 0x3, 0x80, 0xc0, 0x70, 0x78,
    0x1c, 0x0,

    /* U+007A "z" */
    0x7f, 0x7f, 0xe, 0xe, 0x1c, 0x38, 0x38, 0x70,
    0xff, 0xff,

    /* U+007B "{" */
    0x1c, 0xf3, 0xc, 0x30, 0xc3, 0xc, 0xf3, 0x83,
    0xc, 0x30, 0xc3, 0xc, 0x3c, 0x70,

    /* U+007C "|" */
    0xff, 0xff, 0xff, 0xff, 0xff,

    /* U+007D "}" */
    0xe3, 0xc3, 0xc, 0x30, 0xc3, 0xc, 0x3c, 0xf3,
    0xc, 0x30, 0xc3, 0xc, 0xf3, 0x80,

    /* U+00B0 "°" */
    0x77, 0xe3, 0x1f, 0xb8,

    /* U+4E00 "一" */
    0xff, 0xff, 0xff, 0xff, 0xc0,

    /* U+4E09 "三" */
    0x7f, 0xfe, 0x7f, 0xfe, 0x0, 0x0, 0x0, 0x0,
    0x0, 0x0, 0x3f, 0xfc, 0x3f, 0xfc, 0x0, 0x0,
    0x0, 0x0, 0x0, 0x0, 0x0, 0x0, 0xff, 0xff,
    0xff, 0xff,

    /* U+4E0A "上" */
    0x3, 0x80, 0x3, 0x80, 0x3, 0x80, 0x3, 0x80,
    0x3, 0x80, 0x3, 0xfe, 0x3, 0xfe, 0x3, 0x80,
    0x3, 0x80, 0x3, 0x80, 0x3, 0x80, 0x3, 0x80,
    0x3, 0x80, 0x3, 0x80, 0xff, 0xff, 0xff, 0xff,

    /* U+4E0B "下" */
    0xff, 0xff, 0xff, 0xff, 0x3, 0x80, 0x3, 0x80,
    0x3, 0x80, 0x3, 0xe0, 0x3, 0xf8, 0x3, 0xbc,
    0x3, 0x9e, 0x3, 0x84, 0x3, 0x80, 0x3, 0x80,
    0x3, 0x80, 0x3, 0x80, 0x3, 0x80, 0x3, 0x80,

    /* U+4E2D "中" */
    0x3, 0x0, 0x6, 0x0, 0xc, 0x7, 0xff, 0xff,
    0xff, 0xf8, 0x60, 0xf0, 0xc1, 0xe1, 0x83, 0xc3,
    0x7, 0xff, 0xff, 0xff, 0xfe, 0x18, 0x30, 0x30,
    0x0, 0x60, 0x0, 0xc0, 0x1, 0x80, 0x3, 0x0,

    /* U+4E5D "九" */
    0x3, 0x0, 0x0, 0xc0, 0x0, 0x30, 0x0, 0xc,
    0x0, 0x7f, 0xf8, 0x1f, 0xfe, 0x0, 0x31, 0x80,
    0xc, 0x60, 0x6, 0x18, 0x1, 0x86, 0x0, 0x61,
    0x80, 0x38, 0x60, 0xc, 0x18, 0x87, 0x6, 0x33,
    0x81, 0x8f, 0xc0, 0x7f, 0x60, 0xf, 0x80,

    /* U+4E8C "二" */
    0x7f, 0xfe, 0x7f, 0xfe, 0x0, 0x0, 0x0, 0x0,
    0x0, 0x0, 0x0, 0x0, 0x0, 0x0, 0x0, 0x0,
    0x0, 0x0, 0x0, 0x0, 0x0, 0x0, 0xff, 0xff,
    0xff, 0xff,

    /* U+4E95 "井" */
    0xc, 0x30, 0xc, 0x30, 0xc, 0x30, 0x7f, 0xff,
    0x7f, 0xff, 0xc, 0x30, 0xc, 0x30, 0xc, 0x30,
    0xc, 0x30, 0xff, 0xff, 0xff, 0xff, 0x1c, 0x30,
    0x18, 0x30, 0x38, 0x30, 0x70, 0x30, 0xf0, 0x30,
    0x60, 0x30,

    /* U+4EA6 "亦" */
    0x1, 0x80, 0x1, 0x80, 0x1, 0xc0, 0xff, 0xff,
    0xff, 0xff, 0x6, 0x70, 0x6, 0x70, 0x36, 0x7c,
    0x76, 0x7e, 0x66, 0x76, 0xe6, 0x77, 0xce, 0x73,
    0x4c, 0x73, 0x1c, 0x70, 0x38, 0x70, 0x79, 0xe0,
    0x31, 0xe0,

    /* U+4EA8 "亨" */
    0x1, 0x80, 0xff, 0xff, 0xff, 0xff, 0x0, 0x0,
    0x1f, 0xfc, 0x18, 0x1c, 0x18, 0x1c, 0x1f, 0xfc,
    0x0, 0x0, 0x7f, 0xfc, 0x7f, 0xfe, 0x0, 0x78,
    0x1, 0xe0, 0x1, 0x80, 0x1, 0x80, 0xf, 0x80,
    0xf, 0x0,

    /* U+4EBA "人" */
    0x1, 0x80, 0x0, 0xc0, 0x0, 0x60, 0x0, 0x30,
    0x0, 0x18, 0x0, 0xc, 0x0, 0xf, 0x0, 0x7,
    0x80, 0x3, 0xc0, 0x3, 0xb0, 0x1, 0x9c, 0x1,
    0xc6, 0x1, 0xc3, 0x81, 0xc0, 0xe1, 0xe0, 0x3d,
    0xe0, 0xe, 0x40, 0x0, 0x0,

    /* U+4EC1 "仁" */
    0x4, 0x0, 0x6, 0x0, 0x3, 0x0, 0x3, 0x3f,
    0xe3, 0x9f, 0xf1, 0xc0, 0x1, 0xe0, 0x0, 0xf0,
    0x0, 0x58, 0x0, 0xc, 0x0, 0x6, 0x0, 0x3,
    0x0, 0x1, 0x80, 0x0, 0xdf, 0xfc, 0x6f, 0xfe,
    0x30, 0x0, 0x18, 0x0, 0x0,

    /* U+4ED4 "仔" */
    0x1c, 0x0, 0xd, 0xff, 0x86, 0xff, 0xc6, 0x1,
    0xc7, 0x3, 0xc7, 0x81, 0x83, 0xc0, 0xc0, 0xef,
    0xff, 0x37, 0xff, 0x98, 0x18, 0xc, 0xc, 0x6,
    0x6, 0x3, 0x3, 0x1, 0x81, 0x80, 0xc0, 0xc0,
    0x63, 0xe0, 0x31, 0xe0, 0x0,

    /* U+4EFB "任" */
    0xc, 0xf, 0x6, 0xff, 0xc7, 0xfe, 0x3, 0x47,
    0x3, 0x83, 0x83, 0xc1, 0xc3, 0xe0, 0xe0, 0xff,
    0xff, 0x5f, 0xff, 0x8c, 0x1c, 0x6, 0xe, 0x3,
    0x7, 0x1, 0x83, 0x80, 0xc1, 0xc0, 0x6f, 0xfe,
    0x37, 0xff, 0x18, 0x0, 0x0,

    /* U+4F50 "佐" */
    0xe, 0x60, 0x3, 0x18, 0x1, 0xc6, 0x0, 0x6f,
    0xff, 0x3b, 0xff, 0xde, 0x38, 0xf, 0x8c, 0x1,
    0xe3, 0x0, 0x59, 0xff, 0x86, 0x7f, 0xe1, 0x98,
    0xc0, 0x6e, 0x30, 0x1f, 0xc, 0x7, 0x83, 0x1,
    0xaf, 0xfc, 0x63, 0xff, 0x18, 0x0, 0x0,

    /* U+4F55 "何" */
    0x10, 0x0, 0x18, 0x0, 0x1f, 0xff, 0x37, 0xff,
    0x30, 0x6, 0x70, 0x6, 0xf7, 0xe6, 0xf7, 0xe6,
    0xf6, 0x66, 0x36, 0x66, 0x36, 0x66, 0x37, 0xe6,
    0x37, 0xe6, 0x36, 0x6, 0x30, 0x6, 0x30, 0x6,
    0x30, 0x3e, 0x30, 0x3c,

    /* U+4F86 "來" */
    0x0, 0xc0, 0x0, 0x30, 0x7, 0xff, 0xf9, 0xff,
    0xfe, 0xc, 0xc6, 0x3, 0x33, 0x81, 0x8c, 0xc0,
    0x7b, 0x78, 0x3e, 0xff, 0x9c, 0x7c, 0x62, 0x3f,
    0x0, 0x1f, 0xe0, 0xe, 0xdc, 0xf, 0x33, 0xcf,
    0x8c, 0x79, 0x83, 0x6, 0x0, 0xc0, 0x0,

    /* U+4FCA "俊" */
    0x1c, 0xe0, 0xc, 0xe6, 0x6, 0x63, 0x86, 0xff,
    0xe7, 0x7f, 0xb3, 0x84, 0x63, 0xce, 0x39, 0xee,
    0xe, 0x36, 0xc1, 0x18, 0xff, 0xd, 0xe3, 0x86,
    0xfb, 0x83, 0xf, 0x81, 0x83, 0xc0, 0xcf, 0xf8,
    0x6f, 0x9e, 0x36, 0x3, 0x0,

    /* U+501A "倚" */
    0x1c, 0x70, 0xf, 0xff, 0x87, 0xff, 0xc6, 0x1e,
    0x7, 0x1f, 0xc3, 0xbc, 0x7b, 0xdc, 0x19, 0xff,
    0xff, 0x3f, 0xff, 0x98, 0x3, 0xd, 0xf9, 0x86,
    0xcc, 0xc3, 0x66, 0x61, 0xbf, 0x30, 0xd8, 0x18,
    0x60, 0x7c, 0x30, 0x1c, 0x0,

    /* U+503C "值" */
    0xc, 0x30, 0xd, 0xff, 0xc6, 0xff, 0xe6, 0x6,
    0x7, 0x1f, 0xf3, 0x8f, 0xfb, 0xc4, 0xd, 0xe3,
    0xfe, 0x31, 0x3, 0x18, 0x81, 0x8c, 0x7f, 0xc6,
    0x20, 0x63, 0x1f, 0xf1, 0x88, 0x18, 0xc4, 0xc,
    0x6f, 0xff, 0x37, 0xff, 0x80,

    /* U+5065 "健" */
    0x18, 0x8, 0xf, 0xdf, 0x8f, 0xef, 0xc6, 0x31,
    0x67, 0x37, 0xfb, 0x98, 0x5b, 0xfe, 0xfc, 0xeb,
    0x10, 0xb1, 0x88, 0x18, 0xdf, 0x8d, 0x62, 0x6,
    0xef, 0xe3, 0x30, 0x81, 0x9c, 0x40, 0xdf, 0x0,
    0x7d, 0xff, 0x34, 0x7f, 0x0,

    /* U+5143 "元" */
    0x3f, 0xfc, 0x3f, 0xfc, 0x0, 0x0, 0x0, 0x0,
    0x0, 0x0, 0xff, 0xff, 0xff, 0xff, 0xc, 0x60,
    0xc, 0x60, 0xc, 0x60, 0x1c, 0x60, 0x1c, 0x63,
    0x38, 0x63, 0x70, 0x63, 0xf0, 0x7f, 0xc0, 0x3e,

    /* U+5146 "兆" */
    0x6, 0x60, 0x3, 0x30, 0x19, 0x99, 0xce, 0xcc,
    0xc3, 0x66, 0xc1, 0xf3, 0xe0, 0x59, 0xa0, 0xc,
    0xe0, 0xe, 0x78, 0x1f, 0x3f, 0x3f, 0x9b, 0xdd,
    0xcc, 0x60, 0xc6, 0x0, 0xe3, 0x10, 0xe1, 0x8d,
    0xe0, 0xfe, 0x60, 0x3f, 0x0,

    /* U+5149 "光" */
    0x1, 0x80, 0x71, 0x8e, 0x31, 0x8c, 0x39, 0x9c,
    0x19, 0x98, 0x1, 0x80, 0xff, 0xff, 0xff, 0xff,
    0xe, 0x60, 0xc, 0x60, 0xc, 0x60, 0xc, 0x60,
    0x1c, 0x63, 0x38, 0x63, 0x78, 0x63, 0xf0, 0x7f,
    0xc0, 0x3e,

    /* U+5168 "全" */
    0x0, 0x0, 0x0, 0xe0, 0x0, 0xf0, 0x0, 0xee,
    0x0, 0xe3, 0x81, 0xe0, 0xe1, 0xe0, 0x3d, 0xff,
    0xfe, 0x5f, 0xfd, 0x0, 0xe0, 0x0, 0x70, 0x3,
    0xff, 0x81, 0xff, 0xc0, 0xe, 0x0, 0x7, 0x0,
    0x3, 0x80, 0x7f, 0xff, 0x3f, 0xff, 0x80,

    /* U+516C "公" */
    0xc, 0x30, 0x6, 0x18, 0x7, 0xe, 0x3, 0x3,
    0x83, 0x80, 0xe3, 0x88, 0x73, 0x8e, 0x1c, 0xc6,
    0x4, 0x7, 0x0, 0x7, 0x8, 0x3, 0xe, 0x3,
    0x83, 0x3, 0x81, 0xc3, 0xff, 0xf1, 0xff, 0xf8,
    0x40, 0xe, 0x0, 0x0, 0x0,

    /* U+51FA "出" */
    0x3, 0x0, 0xc6, 0x19, 0x8c, 0x33, 0x18, 0x66,
    0x30, 0xcc, 0x61, 0x9f, 0xff, 0x3f, 0xfe, 0x3,
    0x1, 0x86, 0xf, 0xc, 0x1e, 0x18, 0x3c, 0x30,
    0x78, 0x60, 0xff, 0xff, 0xff, 0xff, 0x0, 0x6,

    /* U+5206 "分" */
    0x6, 0x30, 0x7, 0xc, 0x3, 0x7, 0x3, 0x81,
    0x83, 0x80, 0xe3, 0x80, 0x3b, 0xff, 0xfc, 0xff,
    0xf8, 0x3, 0xc, 0x1, 0x86, 0x1, 0xc3, 0x0,
    0xe1, 0x80, 0x60, 0xc0, 0x70, 0x60, 0xf0, 0x30,
    0xf0, 0xf0, 0x30, 0x78, 0x0,

    /* U+5229 "利" */
    0x7, 0x3, 0x7f, 0x83, 0xfc, 0x33, 0xc, 0x33,
    0xc, 0x33, 0xff, 0xb3, 0xff, 0xb3, 0x1c, 0x33,
    0x3c, 0x33, 0x3f, 0x33, 0x6f, 0xb3, 0xed, 0x33,
    0xcc, 0x3, 0xcc, 0x3, 0xc, 0x3, 0xc, 0x1f,
    0xc, 0x1e,

    /* U+522A "刪" */
    0x7f, 0xc3, 0x7f, 0xc3, 0x6a, 0xdb, 0x6a, 0xdb,
    0x6a, 0xdb, 0x6a, 0xdb, 0x6a, 0xdb, 0xff, 0xfb,
    0xff, 0xfb, 0x6a, 0xdb, 0x6a, 0xdb, 0x6a, 0xdb,
    0x6a, 0xc3, 0x6a, 0xc3, 0x6a, 0xc3, 0x6b, 0xcf,
    0x6a, 0xce,

    /* U+5230 "到" */
    0xff, 0x87, 0xff, 0x6c, 0xc8, 0xd9, 0xb9, 0xb6,
    0x33, 0x7f, 0xf6, 0xdf, 0xed, 0x86, 0x1b, 0xc,
    0x37, 0xff, 0x6f, 0xfe, 0xd8, 0x61, 0xb0, 0xc8,
    0x61, 0xf0, 0xff, 0xe1, 0xfe, 0xf, 0x80, 0x1c,

    /* U+5237 "刷" */
    0x7f, 0xc1, 0xbf, 0xe0, 0xd8, 0x36, 0x6c, 0x1b,
    0x37, 0xfd, 0x9b, 0xfe, 0xcd, 0x98, 0x66, 0xff,
    0xb3, 0x7f, 0xd9, 0xbb, 0x6c, 0xdd, 0xb6, 0x6e,
    0xdb, 0x37, 0x6c, 0x1e, 0xbe, 0xf, 0x5b, 0x7,
    0x8c, 0x1e, 0x6, 0xf, 0x0,

    /* U+529B "力" */
    0x3, 0x0, 0x6, 0x0, 0xc, 0x0, 0x18, 0xf,
    0xff, 0xff, 0xff, 0xc0, 0xc1, 0x81, 0x83, 0x7,
    0x6, 0xc, 0xc, 0x18, 0x18, 0x70, 0x31, 0xc0,
    0x63, 0x81, 0xde, 0x3, 0x78, 0x3e, 0x60, 0x78,

    /* U+52A0 "加" */
    0x30, 0x0, 0x30, 0x0, 0x30, 0x7f, 0xff, 0x7f,
    0xff, 0x63, 0x33, 0x63, 0x33, 0x63, 0x33, 0x63,
    0x33, 0x63, 0x33, 0x63, 0x33, 0x63, 0x63, 0x63,
    0x63, 0x63, 0x63, 0x7f, 0xe3, 0x7f, 0xdf, 0x63,
    0x4e, 0x63,

    /* U+52D9 "務" */
    0x0, 0x20, 0x7f, 0x30, 0x3f, 0x9f, 0xc1, 0x9f,
    0xe6, 0xde, 0x61, 0xcf, 0x70, 0x60, 0xf1, 0xfe,
    0xfc, 0xff, 0xff, 0x9d, 0xf9, 0x8e, 0x8c, 0xf,
    0xff, 0xef, 0x9f, 0xf6, 0xc3, 0x1a, 0x63, 0x9c,
    0x33, 0x8c, 0x7b, 0x9e, 0x19, 0x8e, 0x0,

    /* U+5317 "北" */
    0x6, 0x30, 0x3, 0x18, 0x1, 0x8c, 0x0, 0xc6,
    0x67, 0xe3, 0x7b, 0xf1, 0xf8, 0x18, 0xf0, 0xc,
    0x70, 0x6, 0x30, 0x3, 0x18, 0x1, 0x8c, 0x3,
    0xc6, 0x27, 0xe3, 0x1f, 0xf1, 0x8d, 0x98, 0xc6,
    0xc, 0x7f, 0x6, 0x1f, 0x0,

    /* U+532F "匯" */
    0xff, 0xff, 0xff, 0xff, 0xd8, 0xd8, 0xdf, 0xd8,
    0xc1, 0xfe, 0xfb, 0x98, 0xdf, 0xfe, 0xcb, 0xfe,
    0xc1, 0x98, 0xcd, 0xfe, 0xcd, 0x98, 0xd9, 0xff,
    0xd9, 0xff, 0xc1, 0x80, 0xff, 0xff, 0xff, 0xff,

    /* U+5343 "千" */
    0x0, 0x18, 0x7, 0xfc, 0x7f, 0xf0, 0x7d, 0x80,
    0x1, 0x80, 0x1, 0x80, 0x1, 0x80, 0xff, 0xff,
    0xff, 0xff, 0x1, 0x80, 0x1, 0x80, 0x1, 0x80,
    0x1, 0x80, 0x1, 0x80, 0x1, 0x80, 0x1, 0x80,
    0x1, 0x80,

    /* U+5357 "南" */
    0x1, 0x80, 0xff, 0xff, 0xff, 0xff, 0x1, 0x80,
    0x1, 0x80, 0x7f, 0xfe, 0x7f, 0xfe, 0x66, 0x76,
    0x66, 0x66, 0x6f, 0xf6, 0x61, 0x86, 0x61, 0x86,
    0x6f, 0xf6, 0x61, 0x86, 0x61, 0x86, 0x60, 0x1e,
    0x60, 0x1e,

    /* U+5373 "即" */
    0x7f, 0x3f, 0x7f, 0x3f, 0x63, 0x33, 0x63, 0x33,
    0x7f, 0x33, 0x7f, 0x33, 0x63, 0x33, 0x63, 0x33,
    0x7f, 0x33, 0x7f, 0x33, 0x66, 0x33, 0x66, 0x3f,
    0x6f, 0x36, 0xff, 0x30, 0xfb, 0xb0, 0x62, 0x30,
    0x0, 0x30,

    /* U+53BB "去" */
    0x1, 0x80, 0x1, 0x80, 0x7f, 0xfe, 0x7f, 0xfe,
    0x1, 0x80, 0x1, 0x80, 0x1, 0x80, 0xff, 0xff,
    0xff, 0xff, 0x6, 0x10, 0xe, 0x30, 0x1c, 0x38,
    0x18, 0x1c, 0x3f, 0xfc, 0x7f, 0xfe, 0x7c, 0x6,

    /* U+53CB "友" */
    0x3, 0x0, 0x3, 0x80, 0x1f, 0xff, 0xef, 0xff,
    0xf0, 0x60, 0x0, 0x30, 0x0, 0x1f, 0xf8, 0x1f,
    0xfc, 0xf, 0xe, 0x6, 0xc6, 0x7, 0x77, 0x3,
    0x1f, 0x3, 0x87, 0x83, 0x8f, 0xf1, 0xbe, 0x3e,
    0xc, 0x6,

    /* U+53E3 "口" */
    0xff, 0xff, 0xff, 0xfc, 0x0, 0xf0, 0x3, 0xc0,
    0xf, 0x0, 0x3c, 0x0, 0xf0, 0x3, 0xc0, 0xf,
    0x0, 0x3c, 0x0, 0xff, 0xff, 0xff, 0xff, 0x0,
    0x3c, 0x0, 0xc0,

    /* U+53E4 "古" */
    0x1, 0x80, 0x1, 0x80, 0x1, 0x80, 0xff, 0xff,
    0xff, 0xff, 0x1, 0x80, 0x1, 0x80, 0x1, 0x80,
    0x3f, 0xfc, 0x3f, 0xfc, 0x30, 0xc, 0x30, 0xc,
    0x30, 0xc, 0x30, 0xc, 0x3f, 0xfc, 0x3f, 0xfc,
    0x30, 0xc,

    /* U+53F0 "台" */
    0xe, 0x0, 0x18, 0x0, 0x71, 0x81, 0xc3, 0x87,
    0x3, 0x9f, 0xff, 0xbf, 0xff, 0xc0, 0x2, 0x0,
    0x0, 0xff, 0xf1, 0xff, 0xe3, 0x0, 0xc6, 0x1,
    0x8c, 0x3, 0x1f, 0xfe, 0x3f, 0xfc, 0x60, 0x18,

    /* U+5409 "吉" */
    0x1, 0x80, 0x1, 0x80, 0xff, 0xff, 0xff, 0xff,
    0x1, 0x80, 0x1, 0x80, 0x7f, 0xfe, 0x7f, 0xfe,
    0x0, 0x0, 0x3f, 0xfc, 0x3f, 0xfc, 0x30, 0xc,
    0x30, 0xc, 0x30, 0xc, 0x3f, 0xfc, 0x3f, 0xfc,
    0x30, 0xc,

    /* U+540E "后" */
    0x0, 0x3e, 0x1f, 0xff, 0x8f, 0xf8, 0x6, 0x0,
    0x3, 0x0, 0x1, 0xff, 0xfc, 0xff, 0xfe, 0x60,
    0x0, 0x30, 0x0, 0x1b, 0xff, 0x8d, 0xff, 0xc6,
    0xc0, 0x66, 0x60, 0x33, 0x30, 0x19, 0x9f, 0xfd,
    0xcf, 0xfe, 0x46, 0x3, 0x0,

    /* U+5411 "向" */
    0x3, 0x80, 0x6, 0x0, 0x1c, 0x7, 0xff, 0xff,
    0xff, 0xf8, 0x0, 0xf0, 0x1, 0xe7, 0xf3, 0xcf,
    0xe7, 0x98, 0xcf, 0x31, 0x9e, 0x7f, 0x3c, 0xfe,
    0x79, 0x80, 0xf3, 0x1, 0xe0, 0x1f, 0xc0, 0x3c,

    /* U+5442 "呂" */
    0x7f, 0xf3, 0xff, 0x98, 0xc, 0xc0, 0x66, 0x3,
    0x3f, 0xf9, 0xff, 0xc0, 0xe0, 0x6, 0x7, 0xff,
    0xff, 0xff, 0x80, 0x3c, 0x1, 0xe0, 0xf, 0xff,
    0xff, 0xff, 0xc0, 0x18,

    /* U+5480 "咀" */
    0x1, 0xfe, 0x7c, 0xff, 0x3e, 0x61, 0x9b, 0x30,
    0xcd, 0x98, 0x66, 0xcf, 0xf3, 0x67, 0xf9, 0xb3,
    0xc, 0xd9, 0x86, 0x6c, 0xc3, 0x3e, 0x7f, 0x9f,
    0x30, 0xcc, 0x18, 0x60, 0xc, 0x30, 0x3f, 0xfe,
    0x1f, 0xff,

    /* U+548C "和" */
    0x0, 0x0, 0xf, 0x0, 0x7f, 0x7f, 0x4c, 0x7f,
    0xc, 0x63, 0xc, 0x63, 0x7f, 0xe3, 0x7f, 0xe3,
    0x1c, 0x63, 0x1e, 0x63, 0x3f, 0x63, 0x3d, 0xe3,
    0x6d, 0x63, 0x6c, 0x7f, 0x4c, 0x7f, 0xc, 0x63,
    0xc, 0x0, 0xc, 0x0,

    /* U+5496 "咖" */
    0x3, 0x0, 0xf3, 0x0, 0xf3, 0x1f, 0xd7, 0xdb,
    0xd7, 0xdb, 0xd3, 0x5b, 0xd3, 0x5b, 0xd3, 0x5b,
    0xd3, 0x5b, 0xd3, 0x5b, 0xd3, 0x5b, 0xf6, 0x5b,
    0xf6, 0x5b, 0xc6, 0x5f, 0xe, 0xdf, 0xd, 0xdb,
    0xd, 0x80,

    /* U+5546 "商" */
    0x1, 0x80, 0x1, 0x80, 0xff, 0xff, 0xff, 0xff,
    0xc, 0x38, 0xc, 0x30, 0xc, 0x70, 0x7f, 0xfe,
    0x66, 0x66, 0x6e, 0x76, 0x7c, 0x3e, 0x6f, 0xe6,
    0x6c, 0x26, 0x6c, 0x26, 0x6f, 0xe6, 0x6c, 0x6,
    0x60, 0x6, 0x60, 0x1e,

    /* U+5561 "啡" */
    0x0, 0xcc, 0x7c, 0x66, 0x3e, 0xf3, 0xdb, 0x79,
    0xed, 0x8c, 0xc6, 0xc6, 0x63, 0x6f, 0x3d, 0xb7,
    0x9e, 0xd8, 0xcc, 0x6c, 0x66, 0x3e, 0xf3, 0xff,
    0x79, 0xfc, 0xc, 0xc0, 0x6, 0x60, 0x3, 0x30,
    0x1, 0x98, 0x0, 0xcc, 0x0,

    /* U+5584 "善" */
    0x8, 0x38, 0xc, 0x30, 0x7f, 0xfe, 0x1, 0x80,
    0x3f, 0xfc, 0x1, 0x80, 0x7f, 0xfe, 0x31, 0x9c,
    0x19, 0x98, 0x19, 0x98, 0xff, 0xff, 0x0, 0x0,
    0x3f, 0xfc, 0x30, 0xc, 0x30, 0xc, 0x3f, 0xfc,
    0x30, 0xc,

    /* U+5609 "嘉" */
    0x7f, 0xff, 0x80, 0x60, 0xf, 0xff, 0xc7, 0xff,
    0xe0, 0x0, 0x0, 0xff, 0xf0, 0x60, 0x18, 0x30,
    0xc, 0x1f, 0xfe, 0x3, 0xc, 0x1f, 0xff, 0xe1,
    0x80, 0x7, 0xfb, 0xf0, 0xcd, 0x98, 0xe6, 0xcc,
    0x63, 0x66, 0x67, 0x3f, 0x0,

    /* U+5668 "器" */
    0x7e, 0x7e, 0x3f, 0x3f, 0x19, 0x99, 0x8c, 0xcc,
    0xc7, 0xe7, 0xe3, 0xf3, 0xf0, 0xc, 0xe1, 0xff,
    0xfe, 0xff, 0xff, 0xe, 0x1c, 0x1e, 0x7, 0x1f,
    0xcf, 0xff, 0xe7, 0xf3, 0x33, 0x31, 0x99, 0x98,
    0xfc, 0xfc, 0x7e, 0x7e, 0x0,

    /* U+56DE "回" */
    0xff, 0xff, 0xff, 0xff, 0x0, 0x1e, 0x0, 0x3c,
    0x0, 0x79, 0xfc, 0xf3, 0xf9, 0xe6, 0x33, 0xcc,
    0x67, 0x98, 0xcf, 0x3f, 0x9e, 0x7f, 0x3c, 0x0,
    0x78, 0x0, 0xff, 0xff, 0xff, 0xff, 0xc0, 0x6,

    /* U+570B "國" */
    0xff, 0xff, 0xff, 0xff, 0x6, 0xde, 0xd, 0xbd,
    0xff, 0x78, 0x10, 0xf0, 0x29, 0xef, 0x7b, 0xd2,
    0xf7, 0xbd, 0xcf, 0x3, 0x5f, 0xff, 0xfd, 0x3f,
    0x78, 0x20, 0xff, 0xff, 0xff, 0xff, 0xc0, 0x6,

    /* U+570D "圍" */
    0xff, 0xff, 0xff, 0xff, 0xc3, 0x3, 0xcf, 0xf3,
    0xc3, 0x33, 0xdf, 0xfb, 0xc0, 0x3, 0xcf, 0xf3,
    0xcc, 0x33, 0xcf, 0xf3, 0xdf, 0xfb, 0xc8, 0xc3,
    0xdf, 0xfb, 0xc0, 0xc3, 0xff, 0xff, 0xff, 0xff,
    0xc0, 0x3,

    /* U+5712 "園" */
    0xff, 0xff, 0xff, 0xff, 0x6, 0x1e, 0x7f, 0xbc,
    0x18, 0x7b, 0xff, 0xf0, 0x1, 0xe7, 0xfb, 0xcc,
    0x37, 0x9f, 0xef, 0xf, 0x7e, 0x7f, 0xbd, 0xdb,
    0xf8, 0x30, 0xff, 0xff, 0xff, 0xff, 0xc0, 0x6,

    /* U+5730 "地" */
    0x30, 0x18, 0x18, 0xc, 0xc, 0x66, 0x6, 0x33,
    0x7f, 0xd9, 0xff, 0xef, 0xec, 0xc7, 0xe6, 0x6f,
    0xb3, 0x33, 0x99, 0x98, 0xcc, 0xcf, 0x67, 0xcf,
    0xb3, 0x6f, 0x98, 0xf, 0xc, 0xc, 0x6, 0x6,
    0x3, 0xff, 0x0, 0xff, 0x0,

    /* U+57CE "城" */
    0x30, 0x1e, 0x18, 0xd, 0x8c, 0xff, 0xc6, 0x7f,
    0xef, 0xb1, 0x87, 0xd8, 0xc0, 0xcf, 0xec, 0x67,
    0xf6, 0x33, 0x7b, 0x1b, 0xb7, 0xd, 0xdb, 0x87,
    0xcd, 0xcf, 0xfc, 0xdf, 0x30, 0xee, 0x38, 0xf4,
    0x18, 0xee, 0xc, 0x63, 0x0,

    /* U+57D7 "埗" */
    0x20, 0x30, 0x21, 0xb0, 0x21, 0xbe, 0x21, 0xbe,
    0xf9, 0xb0, 0xff, 0xff, 0x27, 0xff, 0x21, 0x30,
    0x21, 0xb3, 0x23, 0xb7, 0x27, 0x36, 0x3a, 0x3e,
    0xf8, 0x1c, 0xe0, 0x38, 0x81, 0xf0, 0x3, 0xc0,
    0x3, 0x0,

    /* U+57FA "基" */
    0x1c, 0x1c, 0x3f, 0xff, 0x9f, 0xff, 0xc3, 0x83,
    0x81, 0xff, 0xc0, 0xe0, 0xe0, 0x7f, 0xf0, 0x38,
    0x38, 0xff, 0xff, 0xff, 0xff, 0xc7, 0x73, 0xf,
    0xff, 0xfe, 0xff, 0xb0, 0xe, 0x0, 0xff, 0xfc,
    0x7f, 0xfe,

    /* U+5802 "堂" */
    0x31, 0x8c, 0x39, 0x9c, 0xff, 0xff, 0xff, 0xff,
    0xc0, 0x3, 0xc0, 0x3, 0xdf, 0xfb, 0x18, 0x18,
    0x18, 0x18, 0x1f, 0xf8, 0x1, 0x80, 0x3f, 0xfe,
    0x3f, 0xfe, 0x1, 0x80, 0xff, 0xff, 0xff, 0xff,

    /* U+5834 "場" */
    0x21, 0xfe, 0x21, 0x86, 0x21, 0xfe, 0x21, 0xfe,
    0xf9, 0x86, 0xf9, 0xfe, 0x21, 0xfe, 0x27, 0xff,
    0x27, 0xff, 0x21, 0x80, 0x3f, 0xff, 0xfe, 0x5b,
    0xec, 0xdb, 0x81, 0xb3, 0x3, 0x36, 0x7, 0x66,
    0x0, 0x4e,

    /* U+589F "墟" */
    0x30, 0x7e, 0x18, 0x30, 0xd, 0xff, 0xc6, 0xff,
    0xef, 0xff, 0xf7, 0xf3, 0x18, 0xdb, 0xf0, 0x6c,
    0xc3, 0x36, 0x3f, 0x1b, 0x0, 0xf, 0x9b, 0xf,
    0xfd, 0xef, 0x6e, 0xf6, 0x37, 0x70, 0x39, 0xb8,
    0x1b, 0xff,

    /* U+58EB "士" */
    0x1, 0x80, 0x1, 0x80, 0x1, 0x80, 0x1, 0x80,
    0x1, 0x80, 0xff, 0xff, 0xff, 0xff, 0x1, 0x80,
    0x1, 0x80, 0x1, 0x80, 0x1, 0x80, 0x1, 0x80,
    0x1, 0x80, 0x1, 0x80, 0x7f, 0xfe, 0x7f, 0xfe,

    /* U+58FD "壽" */
    0x7f, 0xff, 0x80, 0xe0, 0x0, 0x70, 0x7, 0xff,
    0xc0, 0x0, 0x3, 0xff, 0xfc, 0x7f, 0xfc, 0x3,
    0x82, 0x3f, 0xfe, 0x0, 0x0, 0x3f, 0xff, 0xe0,
    0x0, 0xc7, 0xef, 0xf3, 0x32, 0x31, 0x99, 0x98,
    0xfc, 0xcc, 0x60, 0xc, 0x0,

    /* U+5927 "大" */
    0x1, 0x80, 0x1, 0x80, 0x1, 0x80, 0x1, 0x80,
    0x1, 0x80, 0xff, 0xff, 0xff, 0xff, 0x3, 0xc0,
    0x3, 0xc0, 0x7, 0xe0, 0x6, 0x60, 0xe, 0x70,
    0x1c, 0x38, 0x3c, 0x1c, 0x78, 0x1f, 0xe0, 0x7,
    0x40, 0x2,

    /* U+5929 "天" */
    0x3f, 0xff, 0xf, 0xff, 0xc0, 0xc, 0x0, 0x3,
    0x0, 0x0, 0xc0, 0x1f, 0xff, 0xe7, 0xff, 0xf8,
    0x7, 0x80, 0x3, 0xe0, 0x0, 0xfc, 0x0, 0x73,
    0x80, 0x38, 0x70, 0x3c, 0xf, 0x1e, 0x1, 0xe6,
    0x0, 0x18,

    /* U+592A "太" */
    0x0, 0xc0, 0x0, 0x60, 0x0, 0x30, 0x0, 0x18,
    0x7, 0xff, 0xfb, 0xff, 0xfc, 0x7, 0x80, 0x3,
    0xc0, 0x3, 0xf0, 0x1, 0xd8, 0x1, 0xce, 0x0,
    0xe3, 0x81, 0xf8, 0xe1, 0xee, 0x79, 0xe3, 0x9e,
    0x40, 0x82,

    /* U+592B "夫" */
    0x1, 0x80, 0x0, 0xc0, 0x1f, 0xff, 0x8f, 0xff,
    0xc0, 0x18, 0x0, 0xc, 0x0, 0x6, 0x1, 0xff,
    0xfe, 0xff, 0xff, 0x1, 0xe0, 0x1, 0xf0, 0x0,
    0xfc, 0x1, 0xe7, 0x81, 0xe1, 0xf3, 0xe0, 0x7c,
    0xc0, 0xc,

    /* U+592E "央" */
    0x1, 0x80, 0x0, 0xc0, 0xf, 0xff, 0x7, 0xff,
    0x83, 0x18, 0xc1, 0x8c, 0x60, 0xc6, 0x30, 0x63,
    0x18, 0xff, 0xff, 0x7f, 0xff, 0x80, 0xf0, 0x0,
    0xfc, 0x0, 0xe7, 0x1, 0xe1, 0xe3, 0xe0, 0x7d,
    0xc0, 0xe,

    /* U+5931 "失" */
    0x11, 0x80, 0x1c, 0xc0, 0xc, 0x60, 0x7, 0xff,
    0x87, 0xff, 0xc7, 0xc, 0x3, 0x86, 0x0, 0x3,
    0x0, 0xff, 0xff, 0x7f, 0xff, 0x80, 0xf0, 0x0,
    0xfc, 0x0, 0xe7, 0x0, 0xf1, 0xc1, 0xf0, 0x79,
    0xe0, 0x1e, 0x40, 0x2, 0x0,

    /* U+5999 "妙" */
    0x30, 0x18, 0x18, 0xc, 0xc, 0x6, 0xdf, 0xdb,
    0x6f, 0xed, 0xb3, 0x36, 0xcd, 0x9b, 0x66, 0xdf,
    0x32, 0x6c, 0x98, 0x76, 0xd, 0x9f, 0x6, 0xc3,
    0x80, 0xe1, 0xe0, 0xe1, 0xf1, 0xe1, 0xc7, 0xe1,
    0xc3, 0xc0, 0x41, 0x0, 0x0,

    /* U+5A01 "威" */
    0x0, 0x36, 0x0, 0x1b, 0x9f, 0xff, 0xcf, 0xff,
    0xe6, 0x3, 0x3, 0x7f, 0x99, 0x98, 0xdc, 0xcc,
    0x6c, 0x6f, 0xf6, 0x36, 0x7f, 0x1b, 0x6f, 0x8f,
    0xf3, 0x86, 0x71, 0xd6, 0x3f, 0xcf, 0x7b, 0xf5,
    0xb1, 0xde, 0x0, 0x47, 0x0,

    /* U+5B50 "子" */
    0x3f, 0xfc, 0x3f, 0xfc, 0x0, 0x3c, 0x0, 0x78,
    0x1, 0xe0, 0x1, 0xc0, 0x1, 0x80, 0x1, 0x80,
    0xff, 0xff, 0xff, 0xff, 0x1, 0x80, 0x1, 0x80,
    0x1, 0x80, 0x1, 0x80, 0x1, 0x80, 0xf, 0x80,
    0xf, 0x0,

    /* U+5B5A "孚" */
    0x0, 0x7c, 0x7f, 0xfe, 0x11, 0xc, 0x31, 0x8c,
    0x39, 0x98, 0x11, 0x18, 0x3f, 0xfc, 0x3f, 0xfc,
    0x0, 0x70, 0x1, 0xe0, 0xff, 0xff, 0xff, 0xff,
    0x1, 0xc0, 0x1, 0xc0, 0x1, 0xc0, 0xf, 0x80,
    0xf, 0x80,

    /* U+5B78 "學" */
    0x0, 0x0, 0x7f, 0xfe, 0x63, 0xc6, 0x7c, 0x3e,
    0x63, 0xc6, 0x7f, 0xfe, 0x62, 0x4e, 0xff, 0xff,
    0xc0, 0x3, 0xc0, 0x3, 0xdf, 0xfb, 0x0, 0xf0,
    0x1, 0xc0, 0xff, 0xff, 0x1, 0x80, 0x1, 0x80,
    0x7, 0x80, 0x7, 0x80,

    /* U+5B89 "安" */
    0x3, 0x80, 0x3, 0x80, 0xff, 0xff, 0xff, 0xff,
    0xe2, 0x7, 0xe3, 0x7, 0x7, 0x0, 0xff, 0xff,
    0xff, 0xff, 0x1c, 0x38, 0x1c, 0x70, 0x3f, 0x60,
    0x7, 0xe0, 0x7, 0xf8, 0x3f, 0x3e, 0xfc, 0xf,
    0x60, 0x6,

    /* U+5B8C "完" */
    0x1, 0x80, 0x1, 0x80, 0xff, 0xff, 0xff, 0xff,
    0xc0, 0x7, 0xdf, 0xff, 0x1f, 0xf8, 0x0, 0x0,
    0xff, 0xff, 0xff, 0xff, 0xc, 0x60, 0xc, 0x60,
    0xc, 0x62, 0xc, 0x63, 0x3c, 0x63, 0xf8, 0x7f,
    0xe0, 0x3e,

    /* U+5B98 "官" */
    0x1, 0x80, 0x3, 0x3, 0xff, 0xff, 0xff, 0xfc,
    0x0, 0x7f, 0xff, 0xcf, 0xfe, 0x18, 0xc, 0x3f,
    0xf8, 0x7f, 0xf0, 0xc0, 0x1, 0xff, 0xe3, 0xff,
    0xc6, 0x1, 0x8c, 0x3, 0x1f, 0xfe, 0x3f, 0xfc,
    0x60, 0x18,

    /* U+5B9A "定" */
    0x1, 0xc0, 0x0, 0x60, 0x1f, 0xff, 0xef, 0xff,
    0xf6, 0x0, 0x1b, 0x7f, 0xec, 0x3f, 0xf0, 0x1,
    0x80, 0x1c, 0xc0, 0xe, 0x7f, 0x6, 0x3f, 0x83,
    0x98, 0x3, 0xcc, 0x1, 0xf6, 0x1, 0xdf, 0x0,
    0xe7, 0xff, 0x60, 0xff, 0x80,

    /* U+5BA2 "客" */
    0x0, 0x40, 0x0, 0xe0, 0x1f, 0xff, 0xef, 0xff,
    0xf6, 0x30, 0x3b, 0x3c, 0x1c, 0x3f, 0xf0, 0x7c,
    0x70, 0x3f, 0xf0, 0x0, 0xf0, 0x3, 0xff, 0x9f,
    0xc3, 0xf7, 0xff, 0xf0, 0xff, 0xe0, 0x70, 0x30,
    0x3f, 0xf8, 0x1f, 0xfc, 0xe, 0x6, 0x0,

    /* U+5BCC "富" */
    0x1, 0x80, 0xff, 0xff, 0xff, 0xff, 0xc0, 0x3,
    0xdf, 0xfb, 0x0, 0x0, 0x3f, 0xf8, 0x38, 0x18,
    0x3f, 0xf8, 0x0, 0x0, 0x7f, 0xfe, 0x61, 0x86,
    0x61, 0x86, 0x7f, 0xfe, 0x61, 0x86, 0x7f, 0xfe,
    0x60, 0x6,

    /* U+5BE7 "寧" */
    0x0, 0x80, 0x3, 0x80, 0xff, 0xff, 0xff, 0xff,
    0xc1, 0x83, 0xdf, 0xdb, 0x36, 0x3c, 0x77, 0xe4,
    0x0, 0x0, 0x3f, 0xfc, 0x36, 0x4c, 0xff, 0xff,
    0x0, 0x0, 0x7f, 0xfe, 0x1, 0x80, 0x1, 0x80,
    0xf, 0x80, 0x7, 0x0,

    /* U+5BF6 "寶" */
    0x3, 0x81, 0xff, 0xff, 0x3, 0xb, 0xf7, 0xe7,
    0xff, 0xc3, 0x36, 0x1f, 0xff, 0x8c, 0x5b, 0xfe,
    0xfe, 0x7f, 0xf8, 0xff, 0xf1, 0xff, 0xe3, 0xff,
    0xc6, 0x1, 0x8f, 0xff, 0x1f, 0x7e, 0xf0, 0x1e,

    /* U+5BFA "寺" */
    0x1, 0x80, 0x1, 0x80, 0x3f, 0xfe, 0x3f, 0xfe,
    0x1, 0x80, 0xff, 0xff, 0xff, 0xff, 0x0, 0x30,
    0x0, 0x30, 0xff, 0xff, 0xff, 0xff, 0x18, 0x30,
    0x18, 0x30, 0x1c, 0x30, 0xe, 0x30, 0x1, 0xf0,
    0x0, 0xe0,

    /* U+5C07 "將" */
    0x0, 0x0, 0x36, 0x1c, 0x1b, 0x1f, 0xed, 0x9e,
    0x66, 0xdd, 0xf3, 0x7c, 0xf1, 0xf1, 0xb0, 0xf8,
    0x70, 0xc, 0xf6, 0x6, 0xe3, 0x3f, 0x7f, 0xff,
    0xbf, 0xf6, 0xc4, 0x63, 0x67, 0x31, 0xb1, 0x98,
    0xd8, 0x4c, 0xcc, 0x1e, 0x26, 0xe, 0x0,

    /* U+5C0F "小" */
    0x0, 0xc0, 0x0, 0x30, 0x0, 0xc, 0x0, 0x3,
    0x0, 0x10, 0xc4, 0x7, 0x33, 0x81, 0x8c, 0x60,
    0x63, 0x1c, 0x38, 0xc3, 0xc, 0x30, 0xe7, 0xc,
    0x39, 0xc3, 0x6, 0x20, 0xc1, 0xc0, 0x30, 0x0,
    0xc, 0x0, 0x1f, 0x0, 0x7, 0x80, 0x0,

    /* U+5C16 "尖" */
    0x1, 0x80, 0x1, 0x80, 0x19, 0x98, 0x31, 0x8c,
    0x71, 0x8e, 0xe1, 0x87, 0xc1, 0x83, 0x1, 0x80,
    0x1, 0x80, 0xff, 0xff, 0xff, 0xff, 0x3, 0xc0,
    0x7, 0xe0, 0xe, 0x70, 0x3c, 0x3c, 0xf8, 0x1f,
    0x40, 0x2,

    /* U+5C1A "尚" */
    0x3, 0xb, 0x8c, 0x77, 0x31, 0x9c, 0xce, 0x23,
    0x13, 0xff, 0xff, 0xff, 0xf0, 0x3, 0xcf, 0xcf,
    0x3f, 0x3c, 0xcc, 0xf3, 0x33, 0xcf, 0xcf, 0x3f,
    0x3c, 0xc0, 0xf0, 0x1f, 0xc0, 0x38,

    /* U+5C3C "尼" */
    0x3f, 0xfe, 0x3f, 0xfe, 0x30, 0x6, 0x30, 0x6,
    0x3f, 0xfe, 0x3f, 0xfe, 0x30, 0x0, 0x33, 0x0,
    0x33, 0xc, 0x33, 0x3e, 0x33, 0xf8, 0x33, 0xc0,
    0x63, 0x3, 0x63, 0x3, 0x63, 0xff, 0xe1, 0xfe,
    0x0, 0x0,

    /* U+5C40 "局" */
    0x3f, 0xfe, 0x3f, 0xfe, 0x30, 0x6, 0x30, 0x6,
    0x3f, 0xfe, 0x3f, 0xfe, 0x30, 0x0, 0x3f, 0xff,
    0x3f, 0xff, 0x30, 0x3, 0x77, 0xf3, 0x66, 0x33,
    0x66, 0x33, 0xe7, 0xf3, 0xc6, 0x13, 0x40, 0x1f,
    0x0, 0xe,

    /* U+5C4B "屋" */
    0x3f, 0xff, 0x1f, 0xff, 0x8c, 0x0, 0xc7, 0xff,
    0xe3, 0xff, 0xf1, 0x80, 0x0, 0xff, 0xfc, 0x67,
    0x18, 0x33, 0x8e, 0x1b, 0xff, 0x8d, 0xdc, 0xc6,
    0xe, 0x3, 0x7f, 0xf3, 0x3, 0x81, 0x81, 0xc0,
    0xc0, 0xe0, 0xff, 0xff, 0x80,

    /* U+5C55 "展" */
    0x3f, 0xff, 0xf, 0xff, 0xc3, 0x0, 0x30, 0xff,
    0xfc, 0x3f, 0xff, 0xc, 0x63, 0x3, 0x7f, 0xf8,
    0xdf, 0xfe, 0x31, 0x8c, 0xc, 0x63, 0x3, 0xff,
    0xf8, 0xff, 0xfe, 0x73, 0x33, 0x18, 0xc7, 0xc6,
    0x32, 0xe3, 0x9f, 0x9e, 0x47, 0x83, 0x80,

    /* U+5C6F "屯" */
    0x3, 0x80, 0x3, 0x80, 0xff, 0xfe, 0xff, 0xfe,
    0x3, 0x80, 0x63, 0x8c, 0x63, 0x8c, 0x63, 0x8c,
    0x63, 0x8c, 0x7f, 0xfc, 0x7f, 0xfc, 0x3, 0x80,
    0x3, 0x82, 0x3, 0x83, 0x1, 0x83, 0x1, 0xff,
    0x1, 0xfe,

    /* U+5C71 "山" */
    0x3, 0x0, 0xc, 0x0, 0x30, 0x0, 0xc0, 0xc3,
    0xf, 0xc, 0x3c, 0x30, 0xf0, 0xc3, 0xc3, 0xf,
    0xc, 0x3c, 0x30, 0xf0, 0xc3, 0xc3, 0xf, 0xff,
    0xff, 0xff, 0xc0, 0x3, 0x0, 0xc,

    /* U+5CB8 "岸" */
    0x30, 0xc7, 0x18, 0x63, 0x8f, 0xff, 0xc7, 0xff,
    0xe0, 0x0, 0x1, 0xff, 0xfc, 0xff, 0xfe, 0x60,
    0x0, 0x37, 0xff, 0x1b, 0xff, 0x8c, 0x1c, 0x7,
    0xff, 0xf3, 0xff, 0xfb, 0x3, 0x81, 0x81, 0xc0,
    0xc0, 0xe0, 0x0, 0x70, 0x0,

    /* U+5CF0 "峰" */
    0x10, 0x30, 0x4, 0xf, 0xc1, 0x7, 0xf3, 0x5b,
    0x9c, 0xd7, 0xfe, 0x35, 0xaf, 0xd, 0x67, 0xf3,
    0x5f, 0xde, 0xd7, 0x99, 0x35, 0xbf, 0xcd, 0x61,
    0x83, 0x5b, 0xfc, 0xd6, 0xff, 0x3f, 0xff, 0xee,
    0x7f, 0xf8, 0x0, 0x60, 0x0, 0x18, 0x0,

    /* U+5CF6 "島" */
    0x3, 0x0, 0x3f, 0xf8, 0x30, 0x18, 0x30, 0x18,
    0x3f, 0xf8, 0x30, 0x18, 0x3f, 0xf8, 0x30, 0x0,
    0x3f, 0xff, 0x30, 0x0, 0x3f, 0xff, 0x0, 0x6,
    0xc, 0x6, 0xcc, 0xc6, 0xff, 0xce, 0xff, 0xde,
    0x0, 0x1c,

    /* U+5DBA "嶺" */
    0x61, 0x87, 0x30, 0xc3, 0x9f, 0xff, 0xc0, 0x0,
    0x1, 0x8f, 0xf8, 0xe0, 0xc0, 0xd8, 0x61, 0xc7,
    0xfe, 0x58, 0xc3, 0x4, 0x7f, 0x9f, 0xff, 0xc0,
    0xd8, 0x60, 0xec, 0x31, 0xe7, 0xf8, 0xe1, 0x98,
    0x1b, 0xce, 0x0, 0x81, 0x0,

    /* U+5DDE "州" */
    0xc, 0x63, 0xc, 0x63, 0xc, 0x63, 0xc, 0x63,
    0x2f, 0x7b, 0x6f, 0x7b, 0x6f, 0x7f, 0x6d, 0xef,
    0xed, 0xef, 0xc, 0x63, 0x1c, 0x63, 0x18, 0x63,
    0x38, 0x63, 0x38, 0x63, 0x70, 0x63, 0x70, 0x3,
    0x20, 0x3,

    /* U+5DE5 "工" */
    0x7f, 0xfe, 0x7f, 0xfe, 0x1, 0x80, 0x1, 0x80,
    0x1, 0x80, 0x1, 0x80, 0x1, 0x80, 0x1, 0x80,
    0x1, 0x80, 0x1, 0x80, 0x1, 0x80, 0xff, 0xff,
    0xff, 0xff,

    /* U+5DF2 "已" */
    0xff, 0xf9, 0xff, 0xf0, 0x0, 0x60, 0x0, 0xc6,
    0x1, 0x8c, 0x3, 0x18, 0x6, 0x3f, 0xfc, 0x7f,
    0xf8, 0xc0, 0x1, 0x80, 0x13, 0x0, 0x36, 0x0,
    0x6c, 0x1, 0xdf, 0xff, 0x9f, 0xfe,

    /* U+5DF4 "巴" */
    0xff, 0xfc, 0xff, 0xfc, 0xc3, 0xc, 0xc3, 0xc,
    0xc3, 0xc, 0xc3, 0xc, 0xc3, 0xc, 0xff, 0xfc,
    0xff, 0xfc, 0xc0, 0x0, 0xc0, 0x0, 0xc0, 0x0,
    0xc0, 0x7, 0xc0, 0x7, 0xc0, 0x6, 0xff, 0xfe,
    0x7f, 0xfc,

    /* U+5E02 "市" */
    0x0, 0x80, 0x0, 0xc0, 0x0, 0x70, 0x1f, 0xff,
    0xff, 0xff, 0xf8, 0xe, 0x0, 0x7, 0x0, 0x7f,
    0xfe, 0x3f, 0xff, 0x18, 0xe3, 0x8c, 0x71, 0xc6,
    0x38, 0xe3, 0x1c, 0x71, 0x8e, 0x38, 0xc7, 0x78,
    0x63, 0xbc, 0x1, 0xc0, 0x0, 0xe0, 0x0,

    /* U+5E9C "府" */
    0x1, 0xc0, 0x0, 0x60, 0x1f, 0xff, 0xef, 0xff,
    0xf6, 0x0, 0x3, 0x18, 0x31, 0x9c, 0x18, 0xcd,
    0xff, 0x6e, 0xff, 0xbf, 0x3, 0x1f, 0x91, 0x8d,
    0xcc, 0xc6, 0x66, 0x63, 0x31, 0xb3, 0x98, 0x19,
    0x8c, 0xc, 0xc6, 0x3e, 0x23, 0xe, 0x0,

    /* U+5EAD "庭" */
    0x0, 0x0, 0x1, 0xc0, 0x7f, 0xff, 0x7f, 0xff,
    0x60, 0x0, 0x6f, 0xfe, 0x66, 0x78, 0x66, 0x18,
    0x6e, 0x18, 0x6f, 0x7f, 0x63, 0x18, 0x7b, 0x18,
    0x6e, 0xff, 0x6e, 0xff, 0xe6, 0x0, 0xcf, 0x0,
    0xdf, 0xff, 0xd9, 0xff,

    /* U+5EB7 "康" */
    0x0, 0x0, 0x0, 0x38, 0x3, 0xff, 0xf8, 0xff,
    0xfe, 0x30, 0x60, 0xd, 0xff, 0xc3, 0x6, 0x30,
    0xdf, 0xfe, 0x30, 0x63, 0xc, 0x18, 0xc3, 0x7f,
    0xf0, 0xd9, 0x84, 0x37, 0x77, 0xc, 0x7f, 0x86,
    0x7e, 0xe1, 0xb9, 0x9e, 0xe1, 0xe1, 0x80, 0x70,
    0x0,

    /* U+5EC8 "廈" */
    0x0, 0xe0, 0xf, 0xff, 0xe3, 0xff, 0xf8, 0xc0,
    0x0, 0x3f, 0xff, 0x8c, 0x18, 0x3, 0x79, 0xf0,
    0xdf, 0xfc, 0x36, 0x3, 0xd, 0xff, 0xc3, 0x7f,
    0xf0, 0xc7, 0x0, 0x33, 0xff, 0x1b, 0xe3, 0x86,
    0x8f, 0x81, 0xbf, 0xff, 0xe, 0x7, 0x80,

    /* U+5EE0 "廠" */
    0x0, 0x40, 0x0, 0x70, 0x1f, 0xff, 0xcf, 0xff,
    0xe6, 0x30, 0x83, 0xdb, 0x61, 0xaf, 0x20, 0xd7,
    0x3e, 0x7f, 0xfb, 0x3c, 0x3d, 0x9e, 0x1e, 0x8f,
    0xef, 0x47, 0xd6, 0xe3, 0xeb, 0x31, 0xfd, 0x99,
    0xb0, 0xdc, 0xd8, 0x6b, 0x6c, 0xf8, 0x80,

    /* U+5EE3 "廣" */
    0x0, 0xe0, 0x1f, 0xff, 0xcf, 0xff, 0xe6, 0x0,
    0x3, 0x7f, 0xf1, 0x8e, 0x60, 0xc7, 0x30, 0x7f,
    0xff, 0x30, 0x30, 0x1b, 0xff, 0x8d, 0x8c, 0xc6,
    0xff, 0xe3, 0x63, 0x33, 0xbf, 0xf9, 0x86, 0x30,
    0xdf, 0x8f, 0xe, 0x1, 0x0,

    /* U+5EFA "建" */
    0x7c, 0x30, 0x1f, 0x7f, 0xc1, 0xc3, 0x30, 0x6f,
    0xfe, 0x3b, 0xff, 0x8c, 0xc, 0xc7, 0xdf, 0xf1,
    0x30, 0xc0, 0x2d, 0xff, 0x1b, 0x7f, 0xc2, 0x83,
    0x0, 0xef, 0xfe, 0x18, 0x30, 0xf, 0xc, 0x3,
    0xf0, 0x1, 0xdf, 0xfe, 0x61, 0xff, 0x80,

    /* U+5F69 "彩" */
    0x0, 0x0, 0x3, 0xf0, 0xe7, 0xfc, 0x71, 0x0,
    0x78, 0x6c, 0xfc, 0xd, 0xb0, 0x3, 0x58, 0x38,
    0x18, 0x1c, 0x7f, 0xde, 0x1f, 0xf6, 0x0, 0xf0,
    0x18, 0x7e, 0xe, 0x3f, 0xc7, 0x1d, 0xb3, 0xc6,
    0x61, 0xe1, 0x18, 0xe0, 0x6, 0x10, 0x0,

    /* U+5F7C "彼" */
    0x10, 0x30, 0x1c, 0x18, 0x1c, 0xff, 0xdc, 0x7f,
    0xe5, 0xf3, 0x31, 0xd9, 0xb8, 0xcc, 0xc0, 0xe7,
    0xfe, 0xf3, 0xfe, 0x79, 0xe3, 0x2c, 0xf3, 0x86,
    0x6d, 0x83, 0x77, 0xc1, 0xb1, 0xc0, 0xd9, 0xf8,
    0x7f, 0xde, 0x35, 0x83, 0x0,

    /* U+5FB7 "德" */
    0x8, 0x38, 0xf, 0xff, 0xce, 0xc, 0xe, 0x6,
    0x6, 0xdf, 0xf0, 0x6b, 0x68, 0x65, 0xb4, 0x73,
    0xfe, 0x38, 0x0, 0x3c, 0x0, 0x1e, 0xff, 0xe3,
    0x6, 0x1, 0x83, 0x0, 0xde, 0xd8, 0x6f, 0x44,
    0x3d, 0x8f, 0x1a, 0x7c, 0x0,

    /* U+5FC3 "心" */
    0x3, 0x0, 0x1, 0xe0, 0x0, 0x78, 0x0, 0x1e,
    0x0, 0x2, 0x0, 0x30, 0x10, 0xd8, 0x18, 0x6c,
    0xe, 0x76, 0x3, 0x33, 0x1, 0x99, 0x80, 0xec,
    0xc1, 0xbe, 0x60, 0xc1, 0x30, 0xe0, 0x1f, 0xe0,
    0x7, 0xf0,

    /* U+5FEB "快" */
    0x30, 0x60, 0x30, 0x60, 0x3b, 0xfe, 0xfb, 0xfe,
    0xfc, 0x66, 0xfc, 0x66, 0xf0, 0x66, 0xb0, 0x66,
    0xb7, 0xff, 0x37, 0xff, 0x30, 0x70, 0x30, 0xf8,
    0x30, 0xd8, 0x31, 0x9c, 0x33, 0x8e, 0x3f, 0x7,
    0x36, 0x2,

    /* U+6021 "怡" */
    0x18, 0x30, 0x6, 0xc, 0x1, 0x87, 0x1, 0xf9,
    0x98, 0x7e, 0xc3, 0x1e, 0xff, 0xe7, 0xbf, 0xf9,
    0x67, 0x86, 0x18, 0x0, 0x6, 0x3f, 0xc1, 0x8f,
    0xf0, 0x63, 0xc, 0x18, 0xc3, 0x6, 0x30, 0xc1,
    0x8f, 0xf0, 0x63, 0xfc, 0x18, 0xc3, 0x0,

    /* U+6046 "恆" */
    0x37, 0xff, 0x9b, 0xff, 0xce, 0x30, 0xf, 0x18,
    0x7, 0xcf, 0xf3, 0xef, 0xf1, 0xc6, 0x19, 0xe3,
    0x6c, 0x31, 0xb6, 0x18, 0xc3, 0xc, 0xf9, 0x86,
    0x77, 0xc3, 0x1, 0xe1, 0x80, 0x70, 0xdf, 0xfe,
    0x6f, 0xff, 0x30, 0x0, 0x0,

    /* U+6052 "恒" */
    0x1b, 0xff, 0x8d, 0xff, 0xc6, 0x0, 0xf, 0x80,
    0x7, 0xff, 0xf3, 0xff, 0xf9, 0xee, 0xc, 0xb3,
    0x6, 0x59, 0xff, 0xc, 0xc1, 0x86, 0x60, 0xc3,
    0x3f, 0xe1, 0x9f, 0xf0, 0xc0, 0x0, 0x6f, 0xfe,
    0x37, 0xff, 0x18, 0x0, 0x0,

    /* U+6109 "愉" */
    0x18, 0x18, 0x6, 0xf, 0x1, 0x87, 0xe1, 0xff,
    0x1f, 0x7f, 0xfe, 0x9f, 0x80, 0x7, 0x9f, 0x1b,
    0x67, 0xd6, 0x19, 0xb5, 0x86, 0x7d, 0x61, 0x9b,
    0x58, 0x67, 0xd6, 0x19, 0xf5, 0x86, 0x6c, 0x61,
    0x9b, 0x18, 0x67, 0xde, 0x19, 0xf7, 0x0,

    /* U+611B "愛" */
    0x0, 0x18, 0x7f, 0xfc, 0x7f, 0x98, 0x33, 0x18,
    0x1b, 0xb8, 0xff, 0xfe, 0xc3, 0x6, 0xc1, 0x96,
    0x3c, 0x7c, 0x7f, 0xec, 0x6e, 0x0, 0x1e, 0x0,
    0x3f, 0xf8, 0xfc, 0x70, 0x4f, 0xe0, 0xf, 0xe0,
    0xfe, 0xfe, 0x60, 0xe,

    /* U+6232 "戲" */
    0x0, 0x0, 0x3, 0xfb, 0x60, 0xc0, 0xd8, 0x30,
    0x36, 0x7f, 0xec, 0x9b, 0x1b, 0xe7, 0xff, 0xfd,
    0xf2, 0xfc, 0x6f, 0xcc, 0x9f, 0xfb, 0x67, 0xfe,
    0xf9, 0xff, 0x1e, 0x78, 0xc7, 0x1f, 0xf1, 0xe6,
    0xd8, 0xef, 0x36, 0x7f, 0xcf, 0xfb, 0x97, 0x8c,
    0x60,

    /* U+624D "才" */
    0x0, 0x38, 0x0, 0x1c, 0x0, 0xe, 0xf, 0xff,
    0xf7, 0xff, 0xf8, 0x7, 0xc0, 0x7, 0xe0, 0x3,
    0x70, 0x3, 0xb8, 0x3, 0x9c, 0x3, 0x8e, 0x3,
    0xc7, 0x3, 0xc3, 0x83, 0xc1, 0xc1, 0x80, 0xe0,
    0x3, 0xf0, 0x0, 0xf0, 0x0,

    /* U+62BC "押" */
    0x33, 0xff, 0x33, 0xff, 0x33, 0x33, 0xff, 0x33,
    0xff, 0x33, 0xff, 0xff, 0x33, 0xff, 0x33, 0x33,
    0x3f, 0x33, 0xff, 0xff, 0xf3, 0xff, 0x30, 0x30,
    0x30, 0x30, 0x30, 0x30, 0x30, 0x30, 0xf0, 0x30,
    0x70, 0x30,

    /* U+6383 "掃" */
    0x31, 0xff, 0x18, 0x1, 0x8c, 0x3f, 0xdf, 0x9f,
    0xef, 0xc0, 0x31, 0x8f, 0xf8, 0xc0, 0x0, 0x7f,
    0xff, 0xff, 0x31, 0xfd, 0x98, 0xcc, 0x7f, 0xc6,
    0x36, 0x63, 0x1b, 0x31, 0x8d, 0x98, 0xc6, 0xdd,
    0xe0, 0x60, 0x60, 0x30, 0x0,

    /* U+6392 "排" */
    0x30, 0x6c, 0x30, 0x6c, 0x30, 0x6c, 0x31, 0xef,
    0xfd, 0xef, 0x30, 0x6c, 0x31, 0xef, 0x3d, 0xef,
    0xfc, 0x6c, 0xf8, 0x6c, 0xb3, 0xef, 0x33, 0xef,
    0x30, 0x6c, 0x30, 0x6c, 0x30, 0x6c, 0xf0, 0x6c,
    0x70, 0x6c,

    /* U+6539 "改" */
    0x0, 0x60, 0xfc, 0xe0, 0xfc, 0xc0, 0xc, 0xfe,
    0xd, 0xfe, 0xd, 0xce, 0xff, 0xcc, 0xff, 0xcc,
    0xc1, 0xfc, 0xc0, 0x78, 0xc0, 0x78, 0xc4, 0x38,
    0xfc, 0x78, 0xfc, 0xfc, 0xe3, 0xcf, 0x83, 0x86,
    0x0, 0x0,

    /* U+653F "政" */
    0x0, 0x30, 0x7f, 0xb8, 0x3f, 0xdc, 0x3, 0x8c,
    0x1, 0xc7, 0xf0, 0xe7, 0xfb, 0x73, 0x99, 0xbf,
    0xcc, 0xdf, 0xe6, 0x6e, 0x77, 0x37, 0xf, 0x1b,
    0x87, 0x8d, 0xf3, 0x87, 0xf9, 0xe3, 0xf9, 0xf9,
    0x83, 0xde, 0x1, 0xc7, 0x0, 0x0, 0x0,

    /* U+6557 "敗" */
    0x0, 0x30, 0x3f, 0x98, 0x18, 0xcc, 0xc, 0x6f,
    0xf6, 0x37, 0xfb, 0xfb, 0xfd, 0x8f, 0x9c, 0xc7,
    0xee, 0x7f, 0xf6, 0x31, 0x9b, 0x18, 0xcf, 0x8c,
    0x63, 0x87, 0xf1, 0xc1, 0x90, 0xe1, 0xdd, 0xf8,
    0xc7, 0xef, 0xe0, 0xe3, 0xa0, 0x0, 0x0,

    /* U+6566 "敦" */
    0x18, 0x30, 0xe, 0x18, 0x3f, 0xec, 0x0, 0x7,
    0xe7, 0xf7, 0xf3, 0x1b, 0x31, 0x8f, 0x98, 0xff,
    0xec, 0x0, 0xf6, 0x7f, 0xde, 0x3, 0x87, 0x1,
    0xf3, 0x8f, 0xf9, 0xc7, 0xe1, 0xf0, 0x31, 0xdc,
    0x71, 0xce, 0x38, 0x41, 0x0,

    /* U+6587 "文" */
    0x3, 0x80, 0x1, 0xc0, 0x1, 0xc0, 0xff, 0xff,
    0xff, 0xff, 0x18, 0x18, 0x1c, 0x38, 0xc, 0x30,
    0xe, 0x70, 0x7, 0xe0, 0x3, 0xc0, 0x3, 0xc0,
    0x7, 0xe0, 0x1f, 0x78, 0xfc, 0x3f, 0xf0, 0xf,
    0x40, 0x2,

    /* U+65B0 "新" */
    0x18, 0x2, 0x1c, 0x1f, 0xff, 0xfe, 0xff, 0xf0,
    0x63, 0x60, 0x37, 0x60, 0x36, 0x60, 0xff, 0xff,
    0xff, 0xff, 0xc, 0x66, 0xff, 0xe6, 0xff, 0xe6,
    0x4d, 0x66, 0x6f, 0x66, 0xcd, 0xe6, 0xcd, 0x66,
    0x3c, 0xc6, 0x38, 0x46,

    /* U+65C5 "旅" */
    0x10, 0x60, 0xc, 0x30, 0x6, 0x3f, 0xdf, 0xdf,
    0xef, 0xfc, 0x1, 0xd, 0xf8, 0xfb, 0xe0, 0x7d,
    0xb4, 0x26, 0xdf, 0x13, 0x67, 0x19, 0xb3, 0xc,
    0xd9, 0x86, 0x6c, 0xe3, 0x37, 0xb3, 0x3b, 0xdd,
    0xbb, 0xc6, 0xdc, 0x80, 0x0,

    /* U+65FA "旺" */
    0xfd, 0xff, 0xfd, 0xff, 0xcc, 0x30, 0xcc, 0x30,
    0xcc, 0x30, 0xfc, 0x30, 0xfd, 0xff, 0xcd, 0xff,
    0xcc, 0x30, 0xcc, 0x30, 0xfc, 0x30, 0xfc, 0x30,
    0xc0, 0x30, 0xc3, 0xff, 0x3, 0xff,

    /* U+660C "昌" */
    0x7f, 0xf3, 0x1, 0x98, 0xc, 0xff, 0xe6, 0x3,
    0x30, 0x19, 0xff, 0xc0, 0x0, 0xff, 0xff, 0xff,
    0xf0, 0x7, 0xff, 0xff, 0xff, 0xe0, 0xf, 0xff,
    0xff, 0xff, 0xc0, 0x18,

    /* U+660E "明" */
    0xfc, 0xff, 0xfc, 0xff, 0xcc, 0xc3, 0xcc, 0xc3,
    0xcc, 0xff, 0xfc, 0xff, 0xfc, 0xff, 0xcc, 0xc3,
    0xcc, 0xc3, 0xcc, 0xff, 0xfc, 0xff, 0xfd, 0xc3,
    0xc1, 0x83, 0x3, 0x83, 0x7, 0x3, 0xf, 0x1f,
    0x4, 0xe,

    /* U+661F "星" */
    0x3f, 0xfc, 0x30, 0xc, 0x30, 0xc, 0x3f, 0xfc,
    0x30, 0xc, 0x3f, 0xfc, 0x3f, 0xfc, 0x39, 0x80,
    0x7f, 0xfe, 0x7f, 0xfe, 0xe1, 0x80, 0x7f, 0xfc,
    0x3f, 0xfc, 0x1, 0x80, 0xff, 0xff, 0xff, 0xff,

    /* U+6642 "時" */
    0x0, 0x30, 0xfc, 0x30, 0xfd, 0xff, 0xcd, 0xff,
    0xcc, 0x30, 0xcf, 0xff, 0xff, 0xff, 0xfc, 0xc,
    0xcc, 0xc, 0xcf, 0xff, 0xcc, 0x8c, 0xfd, 0x8c,
    0xfc, 0xcc, 0xc0, 0xec, 0xc0, 0xc, 0x0, 0x3c,
    0x0, 0x3c,

    /* U+666F "景" */
    0x3f, 0xfc, 0x30, 0xc, 0x3f, 0xfc, 0x30, 0xc,
    0x30, 0xc, 0x3f, 0xfc, 0x1, 0x80, 0xff, 0xff,
    0x0, 0x0, 0x3f, 0xfc, 0x30, 0xc, 0x3f, 0xfc,
    0x1, 0x80, 0x1d, 0x90, 0x39, 0xbc, 0xe1, 0x8e,
    0x47, 0x83,

    /* U+6689 "暉" */
    0xfb, 0xfe, 0xfa, 0x6, 0xfa, 0x66, 0xd8, 0x60,
    0xdb, 0xfe, 0xd8, 0x60, 0xfb, 0xfe, 0xfb, 0x66,
    0xdb, 0xfe, 0xdb, 0x66, 0xdb, 0x66, 0xfb, 0xfe,
    0xf8, 0x60, 0xc7, 0xff, 0x7, 0xff, 0x0, 0x60,
    0x0, 0x60,

    /* U+66F2 "曲" */
    0xc, 0x60, 0x18, 0xc0, 0x31, 0x87, 0xff, 0xff,
    0xff, 0xf9, 0x8c, 0xf3, 0x19, 0xe6, 0x33, 0xff,
    0xff, 0xff, 0xff, 0x31, 0x9e, 0x63, 0x3c, 0xc6,
    0x79, 0x8c, 0xff, 0xff, 0xff, 0xff, 0xc0, 0x6,

    /* U+66F4 "更" */
    0xff, 0xff, 0x7f, 0xff, 0x80, 0x60, 0x7, 0xff,
    0xc3, 0xff, 0xe1, 0x8c, 0x30, 0xff, 0xf8, 0x7f,
    0xfc, 0x31, 0x86, 0x1f, 0xff, 0xf, 0xff, 0x86,
    0x70, 0x3, 0xb8, 0x0, 0xf8, 0x0, 0x7e, 0x1,
    0xff, 0xfe, 0xf0, 0x7f, 0x0,

    /* U+66F8 "書" */
    0x3f, 0xfc, 0x1, 0x8c, 0x1, 0x8c, 0xff, 0xff,
    0x1, 0x8c, 0x3f, 0xfc, 0x1, 0x80, 0x7f, 0xfe,
    0x1, 0x80, 0xff, 0xff, 0x0, 0x0, 0x3f, 0xfc,
    0x30, 0xc, 0x3f, 0xfc, 0x30, 0xc, 0x3f, 0xfc,
    0x30, 0xc,

    /* U+6703 "會" */
    0x1, 0xc0, 0x1, 0xf0, 0x3, 0x9e, 0x7, 0xff,
    0xef, 0x0, 0x79, 0xff, 0xf0, 0xf6, 0xf8, 0x6b,
    0x6c, 0x35, 0xb6, 0x1f, 0xff, 0x0, 0x0, 0x3,
    0xff, 0x81, 0x80, 0xc0, 0xff, 0xe0, 0x60, 0x30,
    0x3f, 0xf8, 0x18, 0xc, 0x0,

    /* U+670D "服" */
    0x7e, 0xff, 0x3f, 0x7f, 0x99, 0xb0, 0xcc, 0xd8,
    0x67, 0xec, 0xf3, 0xf6, 0x1, 0x9b, 0xfc, 0xcd,
    0xfe, 0x66, 0xff, 0x3f, 0x79, 0x9f, 0xb4, 0xcc,
    0xdb, 0xc6, 0x6d, 0xe3, 0x36, 0x73, 0x1b, 0x7d,
    0xbd, 0xf7, 0x5c, 0xd1, 0x0,

    /* U+672A "未" */
    0x0, 0xc0, 0x0, 0x60, 0x0, 0x30, 0x7, 0xff,
    0xe3, 0xff, 0xf0, 0x6, 0x0, 0x3, 0x0, 0xff,
    0xff, 0x7f, 0xff, 0x81, 0xf0, 0x1, 0xfc, 0x1,
    0xdf, 0x1, 0xed, 0xe1, 0xe6, 0x79, 0xc3, 0x1e,
    0xc1, 0x82, 0x0, 0xc0, 0x0,

    /* U+6751 "村" */
    0x18, 0x6, 0xc, 0x3, 0x6, 0x1, 0x9f, 0xdf,
    0xff, 0xef, 0xf8, 0xc0, 0x30, 0xe0, 0x18, 0x79,
    0xcc, 0x3e, 0x66, 0x3f, 0xbb, 0x1e, 0x8d, 0x9b,
    0x6, 0xcd, 0x80, 0x64, 0xc0, 0x30, 0x60, 0x18,
    0x30, 0x7c, 0x18, 0x3c, 0x0,

    /* U+6771 "東" */
    0x0, 0xc0, 0x1f, 0xff, 0xe7, 0xff, 0xf8, 0x3,
    0x0, 0x0, 0xc0, 0x7, 0xff, 0xc1, 0x8c, 0x70,
    0x7f, 0xfc, 0x18, 0xc7, 0x6, 0x31, 0xc1, 0xff,
    0xf0, 0xf, 0xc0, 0xf, 0xf8, 0x7, 0xb7, 0x87,
    0xcc, 0xf9, 0xc3, 0xe, 0x20, 0xc1, 0x0,

    /* U+677E "松" */
    0x18, 0x4, 0xc, 0x37, 0x6, 0x19, 0x8f, 0xdc,
    0xc7, 0xec, 0x70, 0xce, 0x9c, 0xf6, 0xee, 0x7b,
    0x72, 0x3e, 0x30, 0x3f, 0xb8, 0x1e, 0x99, 0x9b,
    0x4c, 0xc5, 0x8e, 0x30, 0xc6, 0x38, 0x67, 0xfe,
    0x33, 0xfb, 0x18, 0x1, 0x0,

    /* U+6797 "林" */
    0x18, 0x18, 0xc, 0xc, 0x6, 0x6, 0x1f, 0xdf,
    0xef, 0xef, 0xf0, 0xc1, 0xe0, 0xf0, 0xf0, 0x7c,
    0x78, 0x7f, 0x7e, 0x3d, 0x3f, 0x36, 0xb7, 0xdb,
    0x3b, 0x6d, 0x99, 0xb0, 0xcc, 0xc0, 0x60, 0x60,
    0x30, 0x30, 0x18, 0x18, 0x0,

    /* U+679D "枝" */
    0x18, 0x18, 0x6, 0x6, 0x1, 0x9f, 0xf9, 0xff,
    0xfe, 0x7e, 0x18, 0x6, 0x6, 0x3, 0xdf, 0xf8,
    0xf7, 0xfc, 0x3e, 0xc3, 0x1e, 0xb1, 0xc7, 0x86,
    0x61, 0x61, 0xf8, 0x58, 0x3c, 0x6, 0x1f, 0x1,
    0x9f, 0xf0, 0x6f, 0x1e, 0x19, 0x1, 0x80,

    /* U+67EF "柯" */
    0x19, 0xff, 0x8c, 0xff, 0xc6, 0x0, 0xcf, 0xc0,
    0x67, 0xef, 0xb0, 0xc7, 0xd8, 0xf2, 0x6c, 0x79,
    0x36, 0x3e, 0x9b, 0x3f, 0x4d, 0x96, 0x3e, 0xcb,
    0x1f, 0x61, 0x80, 0x30, 0xc0, 0x18, 0x60, 0xc,
    0x30, 0x3e, 0x18, 0x1e, 0x0,

    /* U+67F3 "柳" */
    0x18, 0x60, 0xc, 0x77, 0xc6, 0x63, 0xef, 0xad,
    0xb7, 0xd6, 0xd8, 0xcb, 0x6c, 0xe5, 0xb6, 0x7a,
    0xdb, 0x3d, 0x6d, 0x9e, 0xb6, 0xdf, 0x5b, 0x6b,
    0x7d, 0xb5, 0xbc, 0xfa, 0xc6, 0x7c, 0x67, 0x30,
    0x37, 0x18, 0x19, 0xc, 0x0,

    /* U+6822 "栢" */
    0x19, 0xff, 0x8c, 0xff, 0xc6, 0xe, 0xf, 0xc6,
    0x7, 0xe3, 0x0, 0xcf, 0xf8, 0xf7, 0xfc, 0x7b,
    0x6, 0x3f, 0x83, 0x3e, 0xff, 0x9e, 0x7f, 0xcb,
    0x30, 0x65, 0x98, 0x30, 0xcc, 0x18, 0x67, 0xfc,
    0x33, 0xfe, 0x19, 0x83, 0x0,

    /* U+6953 "楓" */
    0x33, 0xfe, 0x19, 0xff, 0xc, 0xc1, 0x9f, 0xff,
    0xcf, 0xff, 0x67, 0xf9, 0xb0, 0xcd, 0xf8, 0xf7,
    0x7c, 0x7f, 0xbe, 0x3f, 0xdf, 0x3c, 0xdf, 0x9e,
    0x66, 0xcb, 0x33, 0xe1, 0xb9, 0xf4, 0xdb, 0xee,
    0x6d, 0xd6, 0x34, 0x1, 0x0,

    /* U+69AE "榮" */
    0xc, 0xc, 0xb, 0x6b, 0x66, 0xf6, 0xf1, 0x71,
    0x78, 0x3f, 0x7f, 0x1c, 0x98, 0xe7, 0xff, 0xf9,
    0xff, 0xfe, 0x60, 0x1, 0x80, 0x30, 0x3, 0xff,
    0xf0, 0xff, 0xfc, 0x3, 0xf0, 0x3, 0xff, 0x3,
    0xec, 0xf1, 0xe3, 0x1e, 0x40, 0xc1, 0x0,

    /* U+6A02 "樂" */
    0x31, 0x8c, 0x23, 0xec, 0x6b, 0xeb, 0xfa, 0x7f,
    0xf3, 0xfe, 0x7a, 0x6f, 0x6a, 0x6f, 0xfb, 0xff,
    0xc8, 0x19, 0x1, 0x80, 0xff, 0xff, 0xff, 0xff,
    0x7, 0xe0, 0x1f, 0xb8, 0x79, 0x9e, 0xf1, 0x87,
    0x1, 0x80,

    /* U+6A13 "樓" */
    0x18, 0xff, 0x86, 0x36, 0x61, 0x8d, 0x99, 0xf7,
    0xff, 0x7c, 0xd9, 0x86, 0x3f, 0xe1, 0x81, 0x80,
    0xf3, 0xff, 0x3e, 0x99, 0xcf, 0xbf, 0xf7, 0x83,
    0x1, 0x67, 0xff, 0x58, 0x63, 0x6, 0x3f, 0xc1,
    0x83, 0xf0, 0x67, 0xff, 0x19, 0xe1, 0x80,

    /* U+6A39 "樹" */
    0x31, 0x83, 0x18, 0xc1, 0x8d, 0xfc, 0xc6, 0x30,
    0x6f, 0xbe, 0xf9, 0x80, 0x18, 0xe0, 0xc, 0xf7,
    0xd6, 0x7e, 0x6b, 0x39, 0xf7, 0xbc, 0x13, 0xd6,
    0x6c, 0x6b, 0x36, 0x31, 0x9a, 0x18, 0xdf, 0xcc,
    0x6f, 0xfe, 0x36, 0xe, 0x0,

    /* U+6A4B "橋" */
    0x18, 0xff, 0x6, 0xc, 0x1, 0x9f, 0xf9, 0xff,
    0xfe, 0x7e, 0xe6, 0x6, 0x7f, 0xc1, 0x9e, 0x78,
    0xf1, 0xf8, 0x3c, 0x0, 0xf, 0x80, 0x7, 0xbf,
    0xf9, 0xe6, 0x6, 0x59, 0xbd, 0x96, 0x69, 0x61,
    0x9b, 0xd8, 0x66, 0x96, 0x19, 0x83, 0x0,

    /* U+6A5F "機" */
    0x30, 0x32, 0xc, 0x6c, 0x83, 0x37, 0x5b, 0xff,
    0xfc, 0xfb, 0xb3, 0xc, 0x7d, 0xe7, 0xbd, 0xf9,
    0xef, 0xda, 0x7d, 0x9b, 0x3c, 0xff, 0xef, 0x19,
    0xb2, 0xc7, 0x2c, 0x33, 0xee, 0xc, 0xd3, 0xa3,
    0x71, 0xf8, 0xf9, 0xfe, 0x34, 0x21, 0x0,

    /* U+6AA2 "檢" */
    0x30, 0x30, 0x18, 0x3c, 0xc, 0x7f, 0x9f, 0x79,
    0xff, 0xf7, 0xb9, 0x80, 0x1, 0xef, 0xfc, 0xf6,
    0xf6, 0x7f, 0x7b, 0x7d, 0xbd, 0xbc, 0xff, 0xd6,
    0x11, 0x8b, 0x18, 0xc1, 0x8e, 0x70, 0xcd, 0xfc,
    0x7e, 0x77, 0x34, 0x11, 0x0,

    /* U+6B16 "欖" */
    0x33, 0xfc, 0x19, 0x4f, 0xcc, 0xfd, 0x9f, 0x4c,
    0x4f, 0xbf, 0xf9, 0x94, 0xb5, 0xef, 0xfe, 0xf0,
    0x0, 0x7d, 0xff, 0x7e, 0xc1, 0xbc, 0x7f, 0xd6,
    0x3f, 0xeb, 0x18, 0x31, 0x8f, 0xf8, 0xc3, 0x70,
    0x63, 0xb9, 0x33, 0xf, 0x80,

    /* U+6B23 "欣" */
    0x6, 0x30, 0x3f, 0x98, 0x1e, 0x1f, 0xcc, 0xf,
    0xf6, 0x6, 0x13, 0xff, 0xd9, 0xff, 0x6c, 0xcc,
    0xb6, 0x66, 0x18, 0x33, 0xc, 0x19, 0x8f, 0xc,
    0xc7, 0x86, 0x63, 0x67, 0x33, 0x3b, 0x1b, 0x8f,
    0x8d, 0x83, 0x0, 0x80, 0x0,

    /* U+6B3D "欽" */
    0xc, 0x30, 0x7, 0xc, 0x3, 0xf3, 0x1, 0xcd,
    0xfe, 0x7f, 0x7f, 0x9f, 0x98, 0x60, 0xcf, 0xd9,
    0xfd, 0x64, 0x7f, 0x18, 0x3, 0x7, 0x6, 0xf1,
    0xc0, 0xb8, 0xf8, 0x2e, 0x36, 0x3, 0xdd, 0xc7,
    0xfe, 0x3d, 0x83, 0x6, 0x0, 0x80, 0x0,

    /* U+6C34 "水" */
    0x0, 0xc0, 0x0, 0x60, 0x0, 0x30, 0x0, 0x18,
    0x47, 0xfc, 0x73, 0xf7, 0x70, 0x1b, 0xf0, 0x1d,
    0xf0, 0xe, 0xf0, 0x6, 0x7c, 0x7, 0x37, 0x3,
    0x19, 0xc3, 0x8c, 0xf3, 0x86, 0x3d, 0x83, 0xe,
    0x7, 0x80, 0x3, 0x80, 0x0,

    /* U+6C38 "永" */
    0x4, 0x0, 0x3, 0xc0, 0x0, 0xfc, 0x0, 0xe,
    0x1, 0xfc, 0x0, 0xfe, 0x0, 0x3, 0xc, 0x1,
    0xce, 0x7e, 0xee, 0x3f, 0x7e, 0x3, 0x3e, 0x3,
    0x9f, 0x1, 0x8d, 0xc1, 0xc6, 0xf1, 0xc3, 0x3d,
    0xc1, 0x8f, 0x47, 0xc1, 0x3, 0xc0, 0x0,

    /* U+6C5F "江" */
    0x30, 0x0, 0x3d, 0xff, 0x86, 0xff, 0xc0, 0x6,
    0x0, 0x3, 0x7, 0x1, 0x81, 0xc0, 0xc0, 0x20,
    0x60, 0x0, 0x30, 0x4, 0x18, 0x7, 0xc, 0x3,
    0x6, 0x3, 0x3, 0x3, 0xbf, 0xfd, 0x9f, 0xfe,
    0x40, 0x0,

    /* U+6C99 "沙" */
    0x30, 0x30, 0x3e, 0x18, 0x6, 0xc, 0x80, 0x36,
    0xe0, 0x1b, 0x33, 0x1d, 0x9d, 0xec, 0xc6, 0x26,
    0x62, 0x6, 0x33, 0x5, 0x19, 0x87, 0xd, 0x83,
    0x1, 0xc3, 0x81, 0xc1, 0x87, 0xc1, 0xdf, 0x80,
    0x47, 0x0,

    /* U+6CB3 "河" */
    0x40, 0x0, 0x3b, 0xff, 0xcf, 0xff, 0xe2, 0x0,
    0xe0, 0x0, 0x70, 0x0, 0x38, 0xf, 0xdd, 0xc7,
    0xee, 0x73, 0x37, 0x1, 0x9b, 0x80, 0xcd, 0xc2,
    0x7e, 0xe1, 0xbf, 0x71, 0x98, 0x39, 0xc0, 0x1c,
    0xc0, 0xe, 0xe0, 0x3e, 0x0, 0x1f, 0x0,

    /* U+6CD5 "法" */
    0x30, 0x38, 0x1e, 0x1c, 0x2, 0x7f, 0xc0, 0x3f,
    0xe0, 0x3, 0x83, 0x81, 0xc1, 0xe0, 0xe0, 0x27,
    0xff, 0x3, 0xff, 0x84, 0x38, 0x3, 0x18, 0x3,
    0x9c, 0xc1, 0x8c, 0x71, 0xce, 0xf9, 0xcf, 0xfe,
    0x63, 0xc3, 0x0, 0x1, 0x0,

    /* U+6CE5 "泥" */
    0x0, 0x0, 0x39, 0xff, 0x8e, 0xff, 0xc2, 0x60,
    0x60, 0x30, 0x30, 0x1f, 0xfb, 0x8f, 0xfd, 0xe6,
    0x0, 0x33, 0x60, 0x1, 0xb1, 0x0, 0xd9, 0xc2,
    0x6f, 0xc3, 0xb7, 0x81, 0xbb, 0x1, 0xd9, 0x86,
    0xcc, 0xc3, 0xee, 0x7f, 0x2, 0x1f, 0x80,

    /* U+6CF0 "泰" */
    0x0, 0x0, 0x0, 0xc0, 0x1f, 0xff, 0x80, 0x60,
    0x3, 0xff, 0xc0, 0x30, 0x3, 0xff, 0xfd, 0xff,
    0xfe, 0x1c, 0x38, 0x1c, 0xe, 0x1c, 0x63, 0x9d,
    0x32, 0xed, 0xdb, 0xb0, 0x7f, 0x80, 0x7f, 0xe0,
    0xf3, 0x3c, 0x7, 0x84, 0x0,

    /* U+6CF3 "泳" */
    0x0, 0x80, 0x38, 0x78, 0xe, 0x1f, 0x1, 0x1,
    0x0, 0x3f, 0x0, 0x1f, 0x83, 0x80, 0xc5, 0xe0,
    0x67, 0x37, 0xff, 0x3, 0xdf, 0x4, 0x6f, 0x3,
    0x37, 0x81, 0xb3, 0xe1, 0x99, 0xb8, 0xdc, 0xce,
    0xec, 0x66, 0x64, 0xf1, 0x10, 0x70, 0x0,

    /* U+6D2A "洪" */
    0x21, 0xce, 0x3c, 0xe7, 0x6, 0x73, 0x80, 0xff,
    0xf0, 0x7f, 0xfb, 0xe, 0x73, 0xe7, 0x38, 0x63,
    0x9c, 0x1, 0xce, 0x3, 0xff, 0xc7, 0xff, 0xe3,
    0x0, 0x3, 0x9c, 0xe1, 0x8c, 0x31, 0xdc, 0xc,
    0xce, 0x7, 0x0, 0x0, 0x0,

    /* U+6D77 "海" */
    0x1, 0x80, 0x1c, 0xc0, 0xf, 0x7f, 0xe1, 0x7f,
    0xf0, 0x70, 0x0, 0x3f, 0xf9, 0x8f, 0xfc, 0x63,
    0x66, 0x7, 0xff, 0x8b, 0xff, 0xc6, 0xd8, 0xc3,
    0x66, 0x63, 0x3f, 0xf9, 0x9f, 0xfd, 0xc0, 0x18,
    0xc0, 0xc, 0x20, 0x1c, 0x0,

    /* U+6D88 "消" */
    0x20, 0x30, 0x39, 0x99, 0xce, 0xec, 0xc2, 0x36,
    0xe0, 0x3, 0x6, 0x1f, 0xfb, 0xcf, 0xfc, 0x66,
    0x6, 0x3, 0xff, 0x1, 0xff, 0x86, 0xc0, 0xc7,
    0x7f, 0xe3, 0x3f, 0xf3, 0x98, 0x19, 0x8c, 0xd,
    0xc6, 0x3e, 0x3, 0xe, 0x0,

    /* U+6D8C "涌" */
    0x33, 0xfe, 0x7f, 0xfe, 0x18, 0xc, 0x0, 0xf8,
    0x0, 0x3c, 0x63, 0xff, 0x7b, 0xff, 0x13, 0x33,
    0x3, 0xff, 0x3, 0xff, 0x1b, 0x33, 0x1b, 0xff,
    0x33, 0xff, 0x33, 0x33, 0x73, 0x33, 0x63, 0x37,
    0x23, 0x37,

    /* U+6DF1 "深" */
    0x40, 0x0, 0x3b, 0xff, 0x9d, 0xff, 0xc2, 0xc0,
    0x60, 0x6d, 0xb0, 0xc, 0x63, 0xe, 0x19, 0xce,
    0xe, 0x20, 0x72, 0x3, 0xff, 0x85, 0xff, 0xc6,
    0x1f, 0x3, 0x1f, 0xc3, 0x9f, 0xf1, 0x9d, 0xdd,
    0xdc, 0xee, 0xc4, 0x73, 0x20, 0x38, 0x0,

    /* U+6E05 "清" */
    0x20, 0x30, 0x3d, 0xff, 0x86, 0xc, 0x0, 0x7f,
    0xe0, 0x3, 0x3, 0x1, 0x83, 0xdf, 0xfe, 0x60,
    0x0, 0x3, 0xff, 0x9, 0x81, 0x86, 0xff, 0xc3,
    0x60, 0x63, 0xb0, 0x31, 0x9f, 0xf9, 0xcc, 0xc,
    0xc6, 0x1e, 0x3, 0xe, 0x0,

    /* U+6E2F "港" */
    0x61, 0x8c, 0x38, 0xc6, 0xf, 0xff, 0xc2, 0xff,
    0xe0, 0x18, 0xc6, 0x7f, 0xff, 0xff, 0xfe, 0xc7,
    0x1c, 0x23, 0x8e, 0x3, 0xff, 0x8f, 0xe3, 0xe6,
    0x3f, 0x83, 0x18, 0x23, 0xc, 0x19, 0x86, 0xd,
    0xc3, 0xfe, 0x40, 0xfe, 0x0,

    /* U+6E90 "源" */
    0x0, 0x0, 0x3b, 0xff, 0x8d, 0xff, 0xc2, 0xc3,
    0x0, 0x61, 0x82, 0x37, 0xfb, 0x9b, 0xc, 0xcd,
    0xfe, 0x26, 0xff, 0x3, 0x61, 0x89, 0xbf, 0xc6,
    0xc3, 0x3, 0x6d, 0xf3, 0x6e, 0xd9, 0xb6, 0x6d,
    0xdf, 0x33, 0xdd, 0x79, 0x24, 0x38, 0x0,

    /* U+6F84 "澄" */
    0x0, 0x8, 0xc, 0xfe, 0x83, 0xbf, 0xf0, 0x63,
    0x34, 0x7, 0xcf, 0x80, 0xff, 0x86, 0x3f, 0xf1,
    0xdc, 0xe, 0x3e, 0x3, 0x81, 0xff, 0x80, 0x30,
    0x60, 0x6c, 0x18, 0x1b, 0xfe, 0xe, 0x63, 0x83,
    0x1c, 0xc1, 0xc3, 0x30, 0x67, 0xff, 0x89, 0xff,
    0xe0,

    /* U+6FB3 "澳" */
    0x30, 0x30, 0x3d, 0xff, 0xc4, 0xff, 0xe0, 0x77,
    0xb4, 0x3f, 0x9b, 0x9f, 0xed, 0xcf, 0xf6, 0x7,
    0xfb, 0x3, 0xb5, 0x89, 0x80, 0xc6, 0xc, 0x7,
    0xff, 0xf3, 0x7f, 0xfb, 0x83, 0xc1, 0x87, 0xf8,
    0xcf, 0x9f, 0x26, 0x3, 0x0,

    /* U+7058 "灘" */
    0x6, 0xce, 0x1b, 0xfb, 0xc7, 0xff, 0xb0, 0x1b,
    0x68, 0x47, 0xff, 0xbb, 0xfe, 0xc7, 0xd7, 0xf8,
    0xb5, 0xfe, 0xf, 0xff, 0x83, 0xfe, 0xc3, 0xff,
    0xf8, 0xcc, 0x7e, 0x6f, 0xfb, 0x18, 0xe6, 0xc6,
    0x6d, 0xff, 0xb9, 0x7f, 0x4, 0x58, 0x0,

    /* U+7063 "灣" */
    0x62, 0x33, 0x1f, 0x5e, 0x83, 0xf7, 0xf8, 0x9,
    0xe4, 0x7, 0xfb, 0x9b, 0xe1, 0xf7, 0x1f, 0xc8,
    0xab, 0xf6, 0xa, 0x7d, 0x80, 0xff, 0xc1, 0x80,
    0x30, 0xcf, 0xfc, 0x33, 0x0, 0xd, 0xff, 0xe7,
    0x0, 0x19, 0x80, 0xc, 0x20, 0x1f, 0x0,

    /* U+70AE "炮" */
    0x18, 0x70, 0x6, 0x18, 0x1, 0x87, 0xf8, 0x6b,
    0xfe, 0x7f, 0xc1, 0x9f, 0x7f, 0x67, 0x8c, 0xdb,
    0x63, 0x36, 0x18, 0xcd, 0x86, 0x3f, 0x61, 0xcf,
    0xd8, 0x73, 0x1e, 0x3e, 0xc3, 0xd, 0xb0, 0x37,
    0xc, 0xf, 0x83, 0xfe, 0x40, 0x7f, 0x80,

    /* U+7121 "無" */
    0x18, 0x0, 0x38, 0x0, 0x3f, 0xfe, 0x7f, 0xfe,
    0xf6, 0x4c, 0x76, 0x4c, 0xff, 0xfe, 0xff, 0xfe,
    0x36, 0x4c, 0x36, 0x4c, 0xff, 0xff, 0xff, 0xff,
    0x0, 0x4, 0x76, 0x6e, 0x66, 0x67, 0xe6, 0x63,
    0x40, 0x2,

    /* U+7269 "物" */
    0x18, 0xc0, 0x58, 0xc0, 0xd8, 0xff, 0xfd, 0xff,
    0xfd, 0xaf, 0xdb, 0x6f, 0x9b, 0x6f, 0x18, 0x6b,
    0x1e, 0xdb, 0xfe, 0xdb, 0xf9, 0xb3, 0xdb, 0xb3,
    0x19, 0x73, 0x18, 0x63, 0x18, 0xc6, 0x19, 0xde,
    0x18, 0x9c,

    /* U+73E0 "珠" */
    0xfd, 0xb0, 0x7e, 0xd8, 0xc, 0x6c, 0x6, 0x3f,
    0xc3, 0x3f, 0xe1, 0x99, 0x83, 0xf0, 0xc1, 0xff,
    0xfe, 0x33, 0xff, 0x18, 0x3c, 0xc, 0x3f, 0x6,
    0x9f, 0x87, 0xdb, 0x67, 0xdd, 0xbb, 0x1c, 0xcc,
    0x4, 0x60, 0x0, 0x30, 0x0,

    /* U+7406 "理" */
    0xfd, 0xff, 0x7e, 0xff, 0x8c, 0x4c, 0xc6, 0x26,
    0x63, 0x1f, 0xf1, 0x89, 0x9b, 0xf4, 0xcd, 0xfb,
    0xfe, 0x31, 0xff, 0x18, 0x18, 0xc, 0xff, 0xc7,
    0xff, 0xef, 0xc3, 0x7, 0x81, 0x82, 0x1f, 0xfe,
    0xf, 0xff,

    /* U+7434 "琴" */
    0x7f, 0x7f, 0x86, 0x6, 0x3, 0x3, 0xf, 0xef,
    0xf0, 0xc0, 0xc0, 0x60, 0x61, 0xff, 0xfe, 0x7,
    0xc0, 0xf, 0x78, 0x3e, 0xef, 0xdc, 0x31, 0xe3,
    0xff, 0x81, 0xff, 0xc0, 0x1, 0xc0, 0x1, 0xc0,
    0x1, 0xc0, 0x0, 0x20, 0x0,

    /* U+745E "瑞" */
    0xfb, 0x33, 0x7d, 0x99, 0x88, 0xcc, 0xc4, 0x7f,
    0xe2, 0x3f, 0xf1, 0x0, 0x3, 0xff, 0xff, 0xff,
    0xff, 0x20, 0x30, 0x11, 0xff, 0x88, 0xff, 0xc4,
    0x6d, 0x67, 0xb6, 0xb7, 0xdb, 0x5b, 0xd, 0xac,
    0x6, 0xd6, 0x3, 0x6b, 0x0,

    /* U+751F "生" */
    0x11, 0x80, 0x39, 0x80, 0x31, 0x80, 0x3f, 0xfe,
    0x7f, 0xfe, 0xe1, 0x80, 0xc1, 0x80, 0x1, 0x80,
    0x3f, 0xfc, 0x3f, 0xfc, 0x1, 0x80, 0x1, 0x80,
    0x1, 0x80, 0x1, 0x80, 0xff, 0xff, 0xff, 0xff,

    /* U+7530 "田" */
    0xff, 0xff, 0xff, 0xff, 0xc, 0x1e, 0x18, 0x3c,
    0x30, 0x78, 0x60, 0xff, 0xff, 0xff, 0xff, 0xc3,
    0x7, 0x86, 0xf, 0xc, 0x1e, 0x18, 0x3f, 0xff,
    0xff, 0xff, 0xf0, 0x1, 0xe0, 0x3,

    /* U+7538 "甸" */
    0xe, 0x0, 0xc, 0x0, 0x1f, 0xff, 0x1f, 0xff,
    0x38, 0x3, 0x30, 0x3, 0x7f, 0xf3, 0xff, 0xf3,
    0x19, 0xb3, 0x1f, 0xf3, 0x19, 0xb3, 0x19, 0xb3,
    0x1f, 0xf3, 0x1f, 0xf3, 0x18, 0x6, 0x0, 0x3e,
    0x0, 0x3c,

    /* U+767B "登" */
    0x0, 0x20, 0xf, 0xd9, 0x83, 0xf3, 0xc0, 0x8c,
    0xe6, 0x3e, 0x1f, 0x7, 0xff, 0x81, 0xff, 0xf0,
    0xe0, 0x1e, 0xf0, 0x3, 0x9f, 0xff, 0x41, 0xc0,
    0xc0, 0x70, 0x30, 0x1f, 0xfc, 0x1, 0x86, 0x0,
    0x61, 0x80, 0x1c, 0xe0, 0x7f, 0xff, 0x9f, 0xff,
    0xe0,

    /* U+7687 "皇" */
    0x1, 0x80, 0x1, 0x80, 0x3f, 0xfc, 0x30, 0xc,
    0x3f, 0xfc, 0x30, 0xc, 0x3f, 0xfc, 0x3f, 0xfc,
    0x0, 0x0, 0x7f, 0xfe, 0x7f, 0xfe, 0x1, 0x80,
    0x3f, 0xfc, 0x3f, 0xfc, 0x1, 0x80, 0xff, 0xff,
    0xff, 0xff,

    /* U+76C8 "盈" */
    0x7f, 0xfc, 0x3f, 0xfc, 0x6, 0x6, 0x3, 0x3,
    0x1, 0xfd, 0xf1, 0xc7, 0xf8, 0xfe, 0xc, 0xe7,
    0x6, 0xf7, 0xdf, 0x77, 0x2f, 0x11, 0x0, 0x7,
    0xff, 0xc3, 0x36, 0x61, 0x9b, 0x33, 0xff, 0xff,
    0xff, 0xff,

    /* U+76E7 "盧" */
    0x0, 0xff, 0x0, 0x60, 0xf, 0xff, 0xe7, 0xff,
    0xf3, 0xc, 0x39, 0xff, 0xd8, 0xc3, 0xfe, 0x60,
    0x0, 0x37, 0xfe, 0x1b, 0x33, 0xd, 0xff, 0x86,
    0xff, 0xc3, 0x0, 0x3, 0xff, 0xf9, 0xb2, 0x4c,
    0xd9, 0x26, 0x7f, 0xff, 0x80,

    /* U+771F "真" */
    0x1, 0x80, 0xff, 0xff, 0xff, 0xff, 0x1, 0x80,
    0x3f, 0xfc, 0x30, 0xc, 0x3f, 0xfc, 0x30, 0xc,
    0x3f, 0xfc, 0x30, 0xc, 0x3f, 0xfc, 0xff, 0xff,
    0xff, 0xff, 0xc, 0x38, 0x7c, 0x3e, 0xf0, 0x7,

    /* U+773E "眾" */
    0x7f, 0xfe, 0x7f, 0xfe, 0x66, 0x66, 0x66, 0x66,
    0x7f, 0xfe, 0x7f, 0xfe, 0x0, 0x4, 0x7f, 0xfe,
    0x3f, 0xf0, 0x1, 0x8c, 0x19, 0x8c, 0x39, 0x9c,
    0x3d, 0x9c, 0x7f, 0xbe, 0xe5, 0xf3, 0x41, 0xa2,
    0x1, 0x80,

    /* U+77F3 "石" */
    0x7f, 0xff, 0xbf, 0xff, 0xc0, 0xc0, 0x0, 0xe0,
    0x0, 0x60, 0x0, 0x70, 0x0, 0x7f, 0xfc, 0x7f,
    0xfe, 0x7c, 0x3, 0x7e, 0x1, 0x9b, 0x0, 0xc1,
    0x80, 0x60, 0xff, 0xf0, 0x7f, 0xf8, 0x30, 0xc,
    0x18, 0x6,

    /* U+78A7 "碧" */
    0x0, 0xc, 0x3f, 0x86, 0x3, 0x1f, 0xc1, 0x8c,
    0x67, 0xf6, 0x33, 0xfb, 0xf8, 0x31, 0x8c, 0x18,
    0xc6, 0x7f, 0x7f, 0x0, 0x0, 0x1f, 0xff, 0xe1,
    0xc0, 0x1, 0xe0, 0x1, 0xff, 0xf9, 0xf0, 0x1c,
    0xd8, 0xe, 0xf, 0xff, 0x6, 0x3, 0x80,

    /* U+78BC "碼" */
    0xfe, 0xff, 0xfe, 0xff, 0x30, 0xd8, 0x30, 0xd8,
    0x70, 0xfe, 0x60, 0xd8, 0x7c, 0xfe, 0x7c, 0xfe,
    0xe4, 0xd8, 0xe4, 0xff, 0xe4, 0xff, 0xe4, 0x3,
    0x65, 0xb7, 0x7d, 0xbf, 0x7f, 0x2b, 0x60, 0xf,
    0x0, 0xe,

    /* U+78DA "磚" */
    0xff, 0xff, 0xff, 0xff, 0xcc, 0x6, 0x6, 0x1f,
    0xe7, 0x9, 0xb3, 0x7, 0xf9, 0xfa, 0x6c, 0xfd,
    0xfe, 0xe6, 0x1b, 0x73, 0xff, 0xf9, 0x81, 0x8c,
    0xff, 0xf7, 0xff, 0xfb, 0xf7, 0x31, 0x81, 0x98,
    0x0, 0x3c, 0x0, 0x1c, 0x0,

    /* U+78E1 "磡" */
    0xfb, 0x6c, 0x13, 0xf6, 0x19, 0xfb, 0xc, 0x6d,
    0x86, 0x3f, 0xfb, 0x1f, 0xfd, 0x8d, 0xb7, 0xf7,
    0xdb, 0xfb, 0x6d, 0xff, 0xf6, 0xff, 0x83, 0x5f,
    0xfd, 0xa7, 0xfa, 0xd3, 0xf0, 0x49, 0xff, 0xe4,
    0x30, 0x32, 0x0, 0x17, 0x0,

    /* U+798F "福" */
    0x10, 0x0, 0x18, 0xff, 0xc6, 0x7f, 0xe2, 0x0,
    0x7, 0xef, 0xf3, 0xf7, 0xf8, 0x33, 0xc, 0x19,
    0xfe, 0x1c, 0x0, 0x1f, 0x0, 0x1f, 0xff, 0xff,
    0x73, 0x35, 0x99, 0x98, 0xcf, 0xfc, 0x66, 0x66,
    0x33, 0xff, 0x19, 0x81, 0x8c, 0xc0, 0xc0,

    /* U+79A7 "禧" */
    0x10, 0x1c, 0x6, 0x7f, 0xf1, 0x81, 0xc1, 0xfb,
    0xfe, 0x7e, 0xff, 0x83, 0xbf, 0xe1, 0xcc, 0x18,
    0x63, 0x6, 0x3e, 0xff, 0xbf, 0x98, 0xc7, 0x9f,
    0xfc, 0x67, 0xff, 0x18, 0xff, 0x86, 0x30, 0x61,
    0x8c, 0x18, 0x63, 0x6, 0x18, 0xff, 0x80,

    /* U+79BE "禾" */
    0x0, 0x8, 0x1, 0xfc, 0x7f, 0xfc, 0x7f, 0x80,
    0x1, 0x80, 0x1, 0x80, 0xff, 0xff, 0xff, 0xff,
    0x7, 0xe0, 0x7, 0xe0, 0xf, 0xf0, 0x1d, 0xb8,
    0x79, 0x9e, 0xf1, 0x8f, 0xe1, 0x87, 0x41, 0x80,
    0x1, 0x80,

    /* U+79C0 "秀" */
    0x0, 0x3c, 0xf, 0xff, 0x83, 0xfe, 0x0, 0x3,
    0x0, 0x7f, 0xff, 0x9f, 0xff, 0xe0, 0x7f, 0x80,
    0x3b, 0x70, 0x3c, 0xcf, 0x1e, 0x1, 0xe7, 0xff,
    0x10, 0x7f, 0xc0, 0x7, 0x3f, 0x1, 0x8f, 0xc0,
    0xe0, 0x30, 0x70, 0x1c, 0x78, 0x3e, 0xc, 0xf,
    0x80,

    /* U+79D1 "科" */
    0x4, 0x6, 0x3f, 0x23, 0x1e, 0x19, 0x83, 0x6,
    0xc1, 0x81, 0x67, 0xf0, 0x33, 0xfb, 0x18, 0x31,
    0xcc, 0x3c, 0x76, 0x1f, 0x13, 0x1e, 0x81, 0xff,
    0x1f, 0xfd, 0x9f, 0xe4, 0xcc, 0x30, 0x60, 0x18,
    0x30, 0xc, 0x18, 0x6, 0x0,

    /* U+7A0B "程" */
    0x0, 0x0, 0xf, 0x7f, 0xbf, 0xbf, 0xcf, 0x18,
    0x61, 0x8c, 0x30, 0xc6, 0x1b, 0xfb, 0xfd, 0xfd,
    0xfe, 0x38, 0x0, 0x1e, 0xff, 0xcf, 0xff, 0xef,
    0xc3, 0xf, 0x8f, 0xf6, 0xc7, 0xfa, 0x60, 0x60,
    0x30, 0x30, 0x19, 0xff, 0x8c, 0xff, 0xc0,

    /* U+7AA9 "窩" */
    0x0, 0x0, 0x1, 0x80, 0xff, 0xff, 0xc4, 0x33,
    0x1e, 0x7c, 0x7c, 0x1f, 0x78, 0x6, 0x3f, 0xfc,
    0x30, 0xc, 0x3f, 0xcc, 0x3f, 0xcc, 0x3f, 0xfc,
    0x60, 0x3, 0x60, 0x3, 0x6f, 0xf3, 0x6c, 0x33,
    0x6f, 0xff, 0x6c, 0xe,

    /* U+7ACB "立" */
    0x3, 0x80, 0x1, 0x80, 0x1, 0x80, 0x7f, 0xfe,
    0x7f, 0xfe, 0x0, 0x0, 0x18, 0x18, 0x1c, 0x18,
    0xc, 0x38, 0xc, 0x30, 0xc, 0x30, 0xc, 0x70,
    0xe, 0x60, 0x8, 0x60, 0xff, 0xff, 0xff, 0xff,

    /* U+7AD9 "站" */
    0x30, 0x30, 0x30, 0x30, 0x18, 0x30, 0xfe, 0x3f,
    0xfe, 0x3f, 0x8, 0x30, 0x4c, 0x30, 0x6c, 0x30,
    0x6d, 0xff, 0x6d, 0xff, 0x69, 0x83, 0x6b, 0x83,
    0x1f, 0x83, 0xff, 0x83, 0xe1, 0xff, 0x1, 0xff,
    0x1, 0x83,

    /* U+7AF9 "竹" */
    0x18, 0x38, 0xc, 0x18, 0xe, 0x1c, 0x7, 0xff,
    0xf3, 0xff, 0xfb, 0xe7, 0x33, 0xb7, 0x18, 0xd9,
    0x8c, 0xc, 0x6, 0x6, 0x3, 0x3, 0x1, 0x81,
    0x80, 0xc0, 0xc0, 0x60, 0x60, 0x30, 0x30, 0x18,
    0x18, 0x7c, 0xc, 0x1c, 0x0,

    /* U+7B0F "笏" */
    0x18, 0x10, 0xc, 0x18, 0xf, 0xef, 0xe7, 0xff,
    0xf7, 0x66, 0x67, 0x33, 0x38, 0x30, 0x0, 0x3f,
    0xff, 0x1f, 0xff, 0x99, 0xdd, 0xdc, 0xcc, 0xcc,
    0xe6, 0x60, 0xe7, 0x30, 0xe3, 0x18, 0xf3, 0x8c,
    0x73, 0x8e, 0x3, 0x9e, 0x0, 0x8f, 0x0,

    /* U+7BA1 "管" */
    0x30, 0x30, 0x1f, 0xff, 0xdb, 0xbb, 0xc, 0xf0,
    0xc7, 0xff, 0xf3, 0xff, 0xf9, 0x80, 0xc, 0xff,
    0xfe, 0x18, 0xc, 0xf, 0xfe, 0x7, 0xff, 0x3,
    0x0, 0x1, 0xff, 0xe0, 0xc0, 0x30, 0x60, 0x18,
    0x3f, 0xfc, 0x18, 0x6, 0x0,

    /* U+7D05 "紅" */
    0x1c, 0x0, 0xc, 0xff, 0x8d, 0x7f, 0xce, 0xc3,
    0xe, 0xe1, 0x87, 0xe0, 0xc3, 0xe8, 0x60, 0x6c,
    0x30, 0x7e, 0x18, 0x7f, 0xc, 0x3c, 0x86, 0x0,
    0xc3, 0x7, 0xa1, 0x83, 0xd8, 0xc3, 0x27, 0xff,
    0x93, 0xff, 0x0, 0x0, 0x0,

    /* U+7D2B "紫" */
    0xc, 0xe0, 0xc, 0xe6, 0x6f, 0xff, 0x6c, 0xf0,
    0x6d, 0xe3, 0xff, 0x7f, 0xff, 0x7e, 0x7, 0x20,
    0x3f, 0xf0, 0x3f, 0xc8, 0xf, 0x1c, 0x7f, 0xfe,
    0x7f, 0xc7, 0x19, 0x9a, 0x39, 0xbc, 0xf7, 0x8e,
    0x7, 0x0,

    /* U+7DDA "線" */
    0x0, 0x0, 0xc, 0xc, 0xe, 0x3f, 0xc6, 0x9f,
    0xe6, 0xec, 0x37, 0xe7, 0xfb, 0xf3, 0xc, 0x79,
    0xfe, 0x76, 0xff, 0x7f, 0xc, 0x3f, 0xfe, 0xec,
    0xff, 0xe0, 0x45, 0xe2, 0xf6, 0xf1, 0x7f, 0x7d,
    0xb7, 0x37, 0xd9, 0x39, 0x20, 0x1c, 0x0,

    /* U+7E3D "總" */
    0x0, 0x20, 0x8, 0x18, 0xc, 0x7f, 0xc7, 0x36,
    0x66, 0xdb, 0x33, 0x6d, 0xfb, 0xe7, 0xbd, 0xf3,
    0x76, 0x31, 0xbf, 0x36, 0xd1, 0xbf, 0x7f, 0xde,
    0x82, 0xc, 0x1, 0x80, 0x3, 0xd1, 0x77, 0xac,
    0xba, 0xc6, 0xd7, 0x67, 0xe8, 0xbe, 0x0,

    /* U+7F6E "置" */
    0x7f, 0xfe, 0x66, 0x66, 0x7f, 0xfe, 0x7f, 0xfe,
    0x1, 0x80, 0xff, 0xfe, 0x3, 0x80, 0x3f, 0xfc,
    0x30, 0xc, 0x3f, 0xfc, 0x30, 0xc, 0x3f, 0xfc,
    0x30, 0xc, 0x3f, 0xfc, 0x30, 0xc, 0xff, 0xff,

    /* U+7F72 "署" */
    0x7f, 0xfe, 0x66, 0x66, 0x66, 0x66, 0x7f, 0xfe,
    0x3, 0x0, 0x3, 0x6, 0x3f, 0xfe, 0x3, 0x1c,
    0xff, 0xff, 0x3, 0xc0, 0x7f, 0xfe, 0xfc, 0xe,
    0xfc, 0xe, 0x8f, 0xfe, 0xc, 0xe, 0xf, 0xfe,
    0xc, 0xe,

    /* U+7F8E "美" */
    0x18, 0x38, 0xc, 0x30, 0x7f, 0xfe, 0x7f, 0xfe,
    0x1, 0x80, 0x3f, 0xfc, 0x3f, 0xfc, 0x1, 0x80,
    0xff, 0xff, 0x3, 0x80, 0x7f, 0xff, 0x7f, 0xff,
    0x7, 0xe0, 0x1e, 0x70, 0xfc, 0x3f, 0xf0, 0x1e,

    /* U+7FD4 "翔" */
    0x4, 0x0, 0x37, 0xff, 0xdb, 0x7f, 0xe9, 0x86,
    0x3f, 0xeb, 0x5f, 0xfd, 0xec, 0x62, 0xd7, 0xfd,
    0xef, 0xfe, 0x31, 0x8c, 0x19, 0xc6, 0x1d, 0xff,
    0xdf, 0xff, 0xff, 0xd9, 0xcd, 0x8c, 0xc0, 0xc6,
    0xe0, 0x63, 0xe0, 0xf7, 0xa0, 0x73, 0x80,

    /* U+7FE0 "翠" */
    0x7e, 0xfe, 0x26, 0x66, 0x36, 0x36, 0x3e, 0x7e,
    0x76, 0xf6, 0x41, 0x80, 0x1, 0x80, 0x1, 0x80,
    0x7f, 0xfe, 0xc, 0x30, 0x1c, 0x78, 0x36, 0xfc,
    0x21, 0xc0, 0xff, 0xff, 0x1, 0x80, 0x1, 0x80,
    0x1, 0x80,

    /* U+8000 "耀" */
    0x10, 0xff, 0xd6, 0xbb, 0xd7, 0xbf, 0x54, 0xf7,
    0x5d, 0xff, 0xfe, 0x33, 0xfe, 0x68, 0xfe, 0xc8,
    0x6d, 0xff, 0x6f, 0xc8, 0x6d, 0xff, 0x6c, 0xc8,
    0x6f, 0xff, 0x6e, 0xc8, 0xd8, 0xc8, 0xc0, 0xff,
    0x0, 0xc0,

    /* U+8001 "老" */
    0x3, 0x0, 0x3, 0x6, 0x3f, 0xfe, 0x3f, 0xfc,
    0x3, 0x38, 0x3, 0x70, 0xff, 0xff, 0xff, 0xff,
    0x7, 0x80, 0xf, 0x8, 0x3e, 0x7c, 0xff, 0xf0,
    0xef, 0x80, 0xe, 0x6, 0xe, 0x6, 0x7, 0xfe,
    0x7, 0xfc,

    /* U+8056 "聖" */
    0xff, 0xff, 0x19, 0xbf, 0x8c, 0xdf, 0xc7, 0xec,
    0x63, 0x36, 0x31, 0xfb, 0x18, 0xcd, 0xfd, 0xff,
    0xfe, 0x0, 0x0, 0x3f, 0xff, 0x9f, 0xff, 0xc0,
    0x38, 0x3, 0xff, 0xe0, 0xe, 0x0, 0x7, 0x1,
    0xff, 0xff, 0xff, 0xff, 0x80,

    /* U+805A "聚" */
    0xff, 0xff, 0x31, 0xbf, 0x98, 0xdf, 0xcf, 0xe4,
    0xc6, 0x37, 0xe3, 0xf8, 0xe3, 0xff, 0xde, 0x0,
    0x18, 0x1, 0xfe, 0x3f, 0xf0, 0x1, 0x71, 0xdf,
    0xff, 0xc7, 0x1f, 0x80, 0x7f, 0xe3, 0xff, 0x3e,
    0xe3, 0x86, 0x1, 0xc0, 0x0,

    /* U+806F "聯" */
    0x0, 0x0, 0x7e, 0x42, 0x3f, 0x63, 0xd, 0x6d,
    0x66, 0xbd, 0xe3, 0xde, 0xf1, 0xe6, 0xbc, 0xd6,
    0xd2, 0x6b, 0xff, 0xbd, 0x10, 0x9e, 0x5a, 0xcd,
    0x2d, 0x66, 0xde, 0xf7, 0xef, 0x7b, 0xe1, 0xac,
    0x11, 0x90, 0xb, 0xc8, 0x4, 0xc4, 0x0,

    /* U+80B2 "育" */
    0x0, 0x80, 0x1, 0x80, 0xff, 0xff, 0xff, 0xff,
    0x1c, 0x38, 0x7f, 0xfc, 0x7f, 0xfe, 0x20, 0x4,
    0x3f, 0xfc, 0x3f, 0xfc, 0x30, 0xc, 0x3f, 0xfc,
    0x30, 0xc, 0x3f, 0xfc, 0x30, 0xc, 0x30, 0xc,
    0x30, 0xc, 0x30, 0x78,

    /* U+80E1 "胡" */
    0x18, 0x7f, 0x18, 0x7f, 0xff, 0x63, 0xff, 0x63,
    0xff, 0x63, 0x18, 0x7f, 0x18, 0x7f, 0x18, 0x63,
    0x7e, 0x63, 0x7e, 0x7f, 0x66, 0x7f, 0x66, 0xe3,
    0x7e, 0xe3, 0x7e, 0xc3, 0x61, 0xc3, 0x61, 0xcf,
    0x0, 0x8e,

    /* U+8208 "興" */
    0x0, 0x0, 0x77, 0xee, 0x7f, 0xee, 0x64, 0x26,
    0x65, 0xa6, 0x74, 0x2e, 0x65, 0xa6, 0x65, 0xa6,
    0x75, 0xae, 0x65, 0xa6, 0x64, 0x26, 0xff, 0xff,
    0xff, 0xff, 0xc, 0x30, 0x3c, 0x3c, 0xf8, 0xf,
    0x60, 0x6,

    /* U+826F "良" */
    0x3, 0x0, 0x6, 0x1, 0xff, 0xe3, 0xff, 0xc6,
    0x1, 0x8c, 0x3, 0x1f, 0xfe, 0x30, 0xc, 0x60,
    0x18, 0xff, 0xf1, 0xff, 0xe3, 0x38, 0x46, 0x39,
    0xcc, 0x3f, 0x18, 0x3c, 0x3f, 0x3e, 0xfe, 0x3e,
    0xc0, 0x8,

    /* U+82B1 "花" */
    0xc, 0x30, 0x6, 0x18, 0x3f, 0xff, 0xdf, 0xff,
    0xe0, 0xc3, 0x0, 0x40, 0x0, 0x33, 0x0, 0x39,
    0x8c, 0x38, 0xcf, 0x3c, 0x7e, 0x3e, 0x3c, 0x1f,
    0x78, 0x1, 0xbc, 0x20, 0xc6, 0x1c, 0x63, 0xc,
    0x31, 0xfe, 0x18, 0x7e, 0x0,

    /* U+82B3 "芳" */
    0x6, 0x18, 0x3f, 0xff, 0xdf, 0xff, 0xe0, 0xc3,
    0x0, 0x7d, 0x80, 0x6, 0x1, 0xff, 0xfe, 0xff,
    0xff, 0x7, 0x0, 0x3, 0xff, 0x1, 0xff, 0x80,
    0xc0, 0xc0, 0xe0, 0x60, 0xe0, 0x30, 0xe0, 0x38,
    0xe0, 0xf8, 0x60, 0x7c, 0x0,

    /* U+82D1 "苑" */
    0x6, 0x18, 0x1f, 0xff, 0xe7, 0xff, 0xf8, 0x18,
    0x60, 0xc, 0x0, 0x7, 0xf, 0xc1, 0xfb, 0xf0,
    0xfe, 0xfc, 0x39, 0xb3, 0x1e, 0x6c, 0xc6, 0xfb,
    0x70, 0x1c, 0xdc, 0x7, 0x30, 0x3, 0x8c, 0x31,
    0xe3, 0x19, 0xe0, 0xfe, 0x70, 0x3f, 0x80,

    /* U+8343 "荃" */
    0x1c, 0x30, 0x7f, 0xff, 0xbf, 0xff, 0xc3, 0xa6,
    0x0, 0x38, 0x0, 0x3f, 0x0, 0x79, 0xe1, 0xf0,
    0x3e, 0xff, 0xff, 0xf, 0xfc, 0x0, 0x60, 0x7,
    0xff, 0x83, 0xff, 0xc0, 0xc, 0x3, 0xff, 0xfd,
    0xff, 0xfe,

    /* U+8354 "荔" */
    0x7f, 0xff, 0xbf, 0xff, 0xc1, 0x86, 0x0, 0xdb,
    0x1, 0xff, 0xe0, 0x1c, 0x30, 0x3c, 0x18, 0x7c,
    0x38, 0x30, 0x0, 0xc, 0xc, 0x1f, 0xdf, 0xe3,
    0x63, 0x31, 0xb1, 0x99, 0x99, 0xcc, 0xcc, 0xc6,
    0xc6, 0xe6, 0x4e, 0x67, 0x0,

    /* U+838A "莊" */
    0x6, 0x18, 0x3f, 0xff, 0xdf, 0xff, 0xe0, 0xc3,
    0x0, 0x0, 0x3, 0x30, 0xc1, 0x98, 0x60, 0xfc,
    0x30, 0x7f, 0xff, 0x83, 0xff, 0xdf, 0x86, 0xf,
    0xc3, 0x3, 0x61, 0x81, 0xb0, 0xc1, 0x9b, 0xfe,
    0xcd, 0xff, 0x46, 0x0, 0x0,

    /* U+83C1 "菁" */
    0xff, 0xff, 0xff, 0xff, 0xff, 0xff, 0x1, 0x80,
    0x7f, 0xfe, 0x1, 0x80, 0x3f, 0xfc, 0x1, 0x80,
    0xff, 0xff, 0x0, 0x0, 0x3f, 0xfc, 0x30, 0xc,
    0x3f, 0xfc, 0x3f, 0xfc, 0x30, 0xc, 0x30, 0xc,
    0x30, 0x38,

    /* U+83EF "華" */
    0xff, 0xff, 0xff, 0xff, 0xff, 0xff, 0xc, 0x30,
    0x7f, 0xfe, 0x7f, 0xfe, 0x19, 0x98, 0xff, 0xff,
    0xff, 0xff, 0x19, 0x98, 0x7f, 0xfe, 0x7f, 0xfe,
    0x1, 0x80, 0xff, 0xff, 0xff, 0xff, 0x1, 0x80,
    0x1, 0x80,

    /* U+83F2 "菲" */
    0xff, 0xff, 0xff, 0xff, 0xff, 0xff, 0xc, 0x30,
    0x0, 0x0, 0x6, 0x60, 0xfe, 0x7f, 0x6, 0x60,
    0x7e, 0x7e, 0x7e, 0x7e, 0x6, 0x60, 0x6, 0x60,
    0xfe, 0x7f, 0xfe, 0x7f, 0x6, 0x60, 0x6, 0x60,
    0x6, 0x60,

    /* U+843D "落" */
    0xff, 0xff, 0x7f, 0xff, 0x83, 0xc, 0x1, 0x86,
    0x6, 0x1c, 0x3, 0xdf, 0xf0, 0x5e, 0x39, 0x9f,
    0xf8, 0xe4, 0xf8, 0x33, 0xff, 0xc3, 0xc1, 0xc2,
    0x7f, 0xc3, 0x30, 0x63, 0x98, 0x31, 0x8c, 0x19,
    0x87, 0xfc, 0x43, 0x6, 0x0,

    /* U+8475 "葵" */
    0x7f, 0xff, 0x9f, 0xff, 0xe0, 0xe1, 0x80, 0x1,
    0x90, 0x3f, 0xbe, 0x4, 0xce, 0x63, 0xe1, 0xf0,
    0x7f, 0xfc, 0xff, 0xff, 0x98, 0x30, 0x43, 0xff,
    0xe0, 0xff, 0xf8, 0x1, 0xf0, 0x1, 0xff, 0x7,
    0xf0, 0xf0, 0xe0, 0xc,

    /* U+85CD "藍" */
    0xff, 0xff, 0x7f, 0xff, 0x83, 0xc, 0x0, 0x4,
    0x7, 0xf3, 0x3, 0x63, 0xf1, 0xcd, 0xa0, 0xff,
    0xb0, 0x6c, 0x4c, 0x3f, 0x86, 0x0, 0x0, 0x7,
    0xff, 0xc3, 0x26, 0xe1, 0x93, 0x73, 0xff, 0xff,
    0xff, 0xff,

    /* U+865F "號" */
    0x7e, 0x1f, 0xa3, 0xc, 0x11, 0x86, 0x8, 0xc3,
    0x7, 0xef, 0xf8, 0x6, 0xdf, 0xfb, 0xf9, 0xfd,
    0xb3, 0x60, 0xdf, 0x3e, 0x40, 0x1f, 0x27, 0x81,
    0xb2, 0xc0, 0xdb, 0x60, 0x6d, 0xb4, 0x36, 0x9a,
    0x1b, 0xcf, 0x3b, 0x47, 0x0,

    /* U+8774 "蝴" */
    0x30, 0xcf, 0x98, 0x67, 0xcc, 0x33, 0x6f, 0x99,
    0xb7, 0xff, 0xdb, 0xa6, 0x7d, 0xd3, 0x36, 0xe9,
    0x9b, 0x7d, 0xed, 0xbe, 0xf7, 0xdc, 0x4b, 0xe6,
    0xa5, 0xb3, 0x52, 0xd9, 0xaf, 0x4f, 0xff, 0xe6,
    0xfc, 0x33, 0x0, 0x13, 0x80,

    /* U+8776 "蝶" */
    0x11, 0xb6, 0x8, 0xdb, 0x4, 0xff, 0xdf, 0xff,
    0xef, 0xdb, 0x66, 0xad, 0xf3, 0x56, 0x1, 0xab,
    0xfe, 0xfc, 0x30, 0x7e, 0x18, 0x34, 0xff, 0xc2,
    0xff, 0xe1, 0x47, 0x81, 0xf7, 0xe3, 0xff, 0xdd,
    0x87, 0x66, 0x1, 0x30, 0x0,

    /* U+8857 "街" */
    0x19, 0xc7, 0x98, 0xe3, 0xd9, 0xfc, 0x18, 0xfe,
    0x1, 0x9c, 0x1, 0xff, 0xbc, 0xdf, 0xde, 0xe3,
    0x86, 0xf1, 0xc3, 0x7b, 0xf9, 0x8d, 0xfc, 0xc6,
    0x38, 0x63, 0x1c, 0x31, 0x8f, 0x98, 0xdf, 0xcc,
    0x6f, 0x1e, 0x30, 0xe, 0x0,

    /* U+88D5 "裕" */
    0x18, 0x42, 0x6, 0x18, 0xc1, 0x8c, 0x31, 0xfb,
    0x66, 0x7f, 0x9d, 0xc3, 0xf, 0x1, 0xe7, 0x60,
    0xeb, 0x9c, 0x7d, 0xc3, 0xbf, 0xff, 0xf5, 0xbf,
    0xf8, 0x6b, 0xc, 0x18, 0xc3, 0x6, 0x30, 0xc1,
    0x8f, 0xf0, 0x63, 0xfc, 0x18, 0xc3, 0x0,

    /* U+897F "西" */
    0xff, 0xff, 0xff, 0xff, 0x6, 0x60, 0x6, 0x60,
    0x6, 0x60, 0x7f, 0xfe, 0x7f, 0xfe, 0x66, 0x66,
    0x66, 0x66, 0x7c, 0x7e, 0x7c, 0x7e, 0x60, 0x6,
    0x60, 0x6, 0x60, 0x6, 0x7f, 0xfe, 0x7f, 0xfe,
    0x60, 0x6,

    /* U+89BD "覽" */
    0x0, 0x0, 0x3f, 0xff, 0x9b, 0x13, 0xf, 0xfb,
    0xc6, 0x30, 0xe3, 0xfb, 0xf9, 0xb1, 0x54, 0xff,
    0xfe, 0x0, 0x0, 0xf, 0xff, 0x4, 0x3, 0x83,
    0xff, 0xc1, 0xff, 0xe0, 0x80, 0x70, 0x7f, 0xf8,
    0x1c, 0xc2, 0x1c, 0x61, 0xbc, 0x1f, 0x80,

    /* U+89C0 "觀" */
    0xff, 0xbf, 0x7f, 0xd1, 0x8d, 0x88, 0xde, 0xe7,
    0xed, 0x52, 0x37, 0xb9, 0x1b, 0xdc, 0xfc, 0xd8,
    0x46, 0x7f, 0x23, 0x76, 0x1f, 0xbf, 0xc5, 0x8d,
    0x86, 0xc7, 0xf3, 0x63, 0x61, 0xb5, 0xb1, 0x9a,
    0xff, 0xcf, 0x60, 0x47, 0x80,

    /* U+89D2 "角" */
    0xc, 0x0, 0x7f, 0x81, 0xff, 0xe, 0x18, 0x70,
    0xe3, 0xff, 0xff, 0xff, 0xcc, 0x63, 0x3f, 0xfc,
    0xff, 0xf3, 0x18, 0xcc, 0x63, 0x3f, 0xfc, 0xff,
    0xf6, 0x18, 0xd8, 0x63, 0xe1, 0xbd, 0x6, 0xe0,

    /* U+8A2D "設" */
    0x10, 0x0, 0x30, 0xfc, 0x38, 0xfc, 0x10, 0xcc,
    0xfe, 0xcc, 0x0, 0xcc, 0x1, 0x8f, 0x7f, 0x87,
    0x1, 0x0, 0x7d, 0xff, 0x7d, 0xfe, 0x0, 0x86,
    0x7c, 0xcc, 0x6c, 0xfc, 0x6c, 0x78, 0x7f, 0xff,
    0x61, 0xcf, 0x61, 0x2,

    /* U+8B66 "警" */
    0x7f, 0xd8, 0xd, 0x8f, 0xcc, 0xf, 0xe7, 0xfe,
    0x67, 0xdb, 0xe3, 0x2c, 0x70, 0xfe, 0xfe, 0x1,
    0x82, 0x7f, 0xff, 0x8f, 0xff, 0x7, 0xff, 0x83,
    0xff, 0xc0, 0x0, 0x0, 0xff, 0xf0, 0x60, 0x18,
    0x3f, 0xfc, 0x18, 0x6, 0x0,

    /* U+8B70 "議" */
    0x0, 0x4, 0x18, 0x66, 0xc, 0x7f, 0xdf, 0x86,
    0xf, 0xdf, 0xe0, 0x1, 0x81, 0xff, 0xfc, 0x0,
    0x0, 0x7f, 0xff, 0x0, 0x6d, 0x80, 0xff, 0xcf,
    0xff, 0xe4, 0xdf, 0xb2, 0x7f, 0x71, 0xf3, 0x74,
    0x81, 0xea, 0x41, 0xd7, 0x0,

    /* U+8B8A "變" */
    0x61, 0x84, 0x47, 0xe8, 0xd8, 0x1a, 0xf7, 0xfe,
    0x7f, 0xef, 0xf8, 0x1f, 0x7, 0xe0, 0xbe, 0x77,
    0xae, 0x75, 0xaf, 0xf5, 0x8c, 0x0, 0x3f, 0xfe,
    0xfc, 0x38, 0xcf, 0xf0, 0x1f, 0xf8, 0xfe, 0x3f,
    0x80, 0x0,

    /* U+8C50 "豐" */
    0x69, 0xb6, 0x7f, 0xfe, 0x69, 0xb6, 0x6d, 0xb6,
    0x7f, 0xfe, 0x69, 0xb6, 0x7f, 0xfe, 0x0, 0x0,
    0xff, 0xff, 0x0, 0x0, 0x3f, 0xfc, 0x30, 0xc,
    0x3f, 0xfc, 0xc, 0x38, 0xc, 0x30, 0xc, 0x30,
    0xff, 0xff,

    /* U+8CA1 "財" */
    0x7f, 0x6, 0x31, 0x83, 0x18, 0xc1, 0x8c, 0x60,
    0xc7, 0xff, 0xfb, 0x1f, 0xfd, 0x8c, 0x38, 0xfe,
    0x1c, 0x63, 0x1e, 0x31, 0x9b, 0x18, 0xcd, 0x8f,
    0xec, 0xc2, 0x2e, 0x61, 0xb2, 0x31, 0x8c, 0x19,
    0xc7, 0x3c, 0x40, 0x1c, 0x0,

    /* U+8CFC "購" */
    0x7e, 0xff, 0x33, 0x7f, 0x99, 0x99, 0x8f, 0xdf,
    0xe7, 0xe6, 0x63, 0xf3, 0x31, 0x9f, 0xfe, 0xfc,
    0x30, 0x7e, 0xff, 0x33, 0x6d, 0x9f, 0xbf, 0xcf,
    0xdb, 0x63, 0xdf, 0xfb, 0x36, 0x19, 0x9b, 0xc,
    0xc5, 0x86, 0xc0, 0xc6, 0x0,

    /* U+8D64 "赤" */
    0x0, 0xc0, 0x0, 0x60, 0x7, 0xff, 0x83, 0xff,
    0xc0, 0xc, 0x0, 0x6, 0x1, 0xff, 0xfe, 0xff,
    0xff, 0x3, 0x30, 0xd, 0x9b, 0xe, 0xcd, 0xc6,
    0x66, 0x67, 0x73, 0x3b, 0x31, 0x8c, 0x38, 0xc0,
    0x39, 0xe0, 0x8, 0xf0, 0x0,

    /* U+8DEF "路" */
    0x0, 0x0, 0x3f, 0x98, 0x1f, 0xcf, 0xcc, 0x6f,
    0xe6, 0x36, 0x73, 0xff, 0xb1, 0xfd, 0x70, 0x18,
    0x38, 0x6c, 0x3e, 0x37, 0xbb, 0xdb, 0xf8, 0xed,
    0xff, 0xe6, 0xc7, 0xf3, 0x63, 0x19, 0xfd, 0x8d,
    0xfc, 0xfe, 0xe0, 0x7f, 0x0, 0x31, 0x80,

    /* U+8ECA "車" */
    0x1, 0x80, 0xff, 0xfe, 0xff, 0xfe, 0x1, 0x80,
    0x3f, 0xfc, 0x3f, 0xfc, 0x31, 0x8c, 0x3f, 0xfc,
    0x31, 0x8c, 0x3f, 0xfc, 0x3f, 0xfc, 0x1, 0x80,
    0xff, 0xff, 0xff, 0xff, 0x1, 0x80, 0x1, 0x80,
    0x1, 0x80,

    /* U+8ECD "軍" */
    0xff, 0xff, 0xff, 0xff, 0xc1, 0x83, 0xdf, 0xfb,
    0x1, 0x80, 0x3f, 0xfc, 0x3f, 0xfc, 0x31, 0x8c,
    0x3f, 0xfc, 0x31, 0x8c, 0x31, 0x8c, 0x3f, 0xfc,
    0x1, 0x80, 0xff, 0xff, 0xff, 0xff, 0x1, 0x80,
    0x1, 0x80,

    /* U+8F15 "輕" */
    0x11, 0xff, 0x7f, 0xff, 0xbf, 0xa4, 0x82, 0x1b,
    0x61, 0xb, 0x63, 0xfd, 0xb1, 0x5e, 0xd8, 0xfd,
    0xec, 0x56, 0xdb, 0x2b, 0x6d, 0x9f, 0xbf, 0xc2,
    0x1f, 0xef, 0xe1, 0x87, 0xf0, 0xc0, 0x40, 0x60,
    0x23, 0xff, 0x11, 0xff, 0x80,

    /* U+8F38 "輸" */
    0x30, 0x18, 0xc, 0xf, 0xf, 0xe6, 0xe0, 0xc7,
    0xe, 0xff, 0xff, 0xbd, 0x80, 0xf, 0x60, 0x3,
    0xff, 0xd6, 0xf7, 0xb5, 0xbd, 0xfd, 0x6f, 0xff,
    0x58, 0xc7, 0xd6, 0xff, 0xf5, 0xbf, 0xed, 0x63,
    0x1b, 0x18, 0xc6, 0xc6, 0x31, 0xf7, 0x80,

    /* U+8F49 "轉" */
    0x18, 0x18, 0x3f, 0xff, 0xef, 0xf1, 0x80, 0x63,
    0xfe, 0x18, 0xff, 0x9f, 0xf6, 0x65, 0xbf, 0xf9,
    0xff, 0xfe, 0x5b, 0x1b, 0x16, 0xff, 0xe7, 0xff,
    0xf8, 0x63, 0xff, 0xff, 0xff, 0xff, 0xd9, 0x81,
    0x86, 0x60, 0x60, 0x98, 0x18, 0x1e, 0x0,

    /* U+8FEA "迪" */
    0x0, 0x60, 0x60, 0x60, 0x70, 0x60, 0x3b, 0xfe,
    0x13, 0xfe, 0x3, 0x66, 0xf3, 0x66, 0xf3, 0xfe,
    0x33, 0x66, 0x33, 0x66, 0x33, 0x66, 0x33, 0xfe,
    0x33, 0xfe, 0x30, 0x0, 0xfc, 0x0, 0xc7, 0xff,
    0x43, 0xff,

    /* U+9023 "連" */
    0x60, 0x60, 0x3f, 0xff, 0x8c, 0x18, 0x6, 0xc,
    0x0, 0x7f, 0xe0, 0x33, 0x33, 0xdf, 0xf9, 0xef,
    0xfc, 0x37, 0xfe, 0x18, 0x30, 0xf, 0xff, 0xc7,
    0xff, 0xe3, 0x6, 0x3, 0x83, 0x3, 0xf0, 0x5,
    0x9f, 0xfe, 0x83, 0xff, 0x0,

    /* U+9038 "逸" */
    0x41, 0xc0, 0xe1, 0xf8, 0x73, 0x18, 0x27, 0x38,
    0xf, 0xfe, 0x3, 0x36, 0xf3, 0x66, 0xf3, 0xfe,
    0x30, 0x74, 0x30, 0xf4, 0x31, 0xf6, 0x33, 0xb3,
    0x36, 0x3f, 0x78, 0x0, 0xfe, 0x1, 0xc7, 0xff,
    0x81, 0xff,

    /* U+904A "遊" */
    0x3, 0x18, 0x61, 0x8f, 0x9b, 0xff, 0xc7, 0xfe,
    0x0, 0x61, 0xf0, 0x3e, 0xfb, 0xdf, 0x19, 0xed,
    0x98, 0x36, 0xff, 0x1b, 0x66, 0xd, 0x33, 0x7,
    0x99, 0x83, 0xb9, 0xc3, 0xc0, 0x7, 0xf8, 0xd,
    0x8f, 0xfe, 0x43, 0xff, 0x0,

    /* U+904B "運" */
    0x67, 0xff, 0x33, 0x1, 0x9d, 0x88, 0xc6, 0x3f,
    0x80, 0x2, 0x0, 0x1f, 0xf0, 0xf, 0xf9, 0xe7,
    0xfc, 0xf3, 0xfe, 0x19, 0xff, 0xc, 0x8, 0x6,
    0xff, 0xe7, 0x2, 0x3, 0xe0, 0x3, 0xff, 0xfd,
    0x8f, 0xfe,

    /* U+904E "過" */
    0x0, 0x0, 0xc, 0x7f, 0xc3, 0x9c, 0x30, 0x67,
    0xc, 0x9, 0xfb, 0x0, 0x76, 0xc7, 0x9d, 0xb1,
    0xef, 0xfe, 0x7b, 0x1, 0x86, 0xdf, 0x61, 0xb6,
    0x58, 0x6d, 0xf6, 0x1b, 0x7d, 0x8e, 0xc0, 0xe7,
    0xc0, 0x1, 0xf8, 0x3, 0x67, 0xff, 0xd0, 0x7f,
    0xf0,

    /* U+9053 "道" */
    0x1, 0xc6, 0x18, 0x31, 0x83, 0x3f, 0xf8, 0xef,
    0xfe, 0x10, 0x30, 0x0, 0x7f, 0xc7, 0x98, 0x31,
    0xe7, 0xfc, 0x19, 0x83, 0x6, 0x60, 0xc1, 0x9f,
    0xf0, 0x66, 0xc, 0x19, 0xff, 0xf, 0x0, 0x7,
    0xe0, 0x5, 0x8f, 0xfe, 0x40, 0xff, 0x80,

    /* U+9054 "達" */
    0x40, 0x0, 0x71, 0xff, 0x9c, 0xc, 0x6, 0x6,
    0x0, 0x7f, 0xf8, 0xc, 0x70, 0x7, 0x30, 0xf,
    0xff, 0xf7, 0xff, 0xf8, 0x18, 0xc, 0xff, 0xc6,
    0x6, 0x3, 0x7f, 0xf9, 0x81, 0x83, 0xf0, 0xc1,
    0xff, 0xff, 0x43, 0xff, 0x80,

    /* U+9078 "選" */
    0xc7, 0xfe, 0x66, 0xf2, 0x76, 0xf2, 0x37, 0xfe,
    0x6, 0x72, 0x7, 0xdf, 0x1, 0x98, 0xf7, 0xfe,
    0x31, 0x98, 0x31, 0x98, 0x3f, 0xff, 0x31, 0x98,
    0x37, 0x9c, 0x3b, 0xe, 0xee, 0x4, 0xc7, 0xff,
    0x41, 0xff,

    /* U+90A6 "邦" */
    0xc, 0x0, 0xc, 0x3f, 0xff, 0xbf, 0xff, 0xa7,
    0xc, 0x26, 0xc, 0x26, 0x7f, 0xac, 0x7f, 0xac,
    0xc, 0x26, 0xc, 0x23, 0xff, 0xa3, 0x18, 0x23,
    0x18, 0x2f, 0x38, 0x2e, 0x70, 0x20, 0x70, 0x20,
    0x20, 0x20,

    /* U+90A8 "邨" */
    0xc, 0x3e, 0xc, 0x3f, 0xff, 0xb3, 0xff, 0xb7,
    0xc, 0x36, 0xcd, 0xb6, 0xcd, 0xbc, 0xcd, 0xbe,
    0xcd, 0xb6, 0xff, 0xb3, 0xff, 0xb3, 0xc, 0x33,
    0xd, 0xbf, 0x1f, 0xbe, 0x1e, 0x30, 0x18, 0x30,
    0x0, 0x30,

    /* U+90F5 "郵" */
    0x0, 0x80, 0x7f, 0xff, 0x9f, 0x8f, 0xe1, 0x87,
    0x3f, 0xff, 0xbf, 0xff, 0xd9, 0xb6, 0xec, 0xdb,
    0x76, 0xff, 0xff, 0x7f, 0xfd, 0x9b, 0x6e, 0x7f,
    0xff, 0x3f, 0xff, 0x98, 0x61, 0xfc, 0x7f, 0xfd,
    0xff, 0xf0, 0xfc, 0x38, 0x0, 0x1c, 0x0,

    /* U+90FD "都" */
    0x19, 0xbe, 0x19, 0xff, 0x7f, 0xb3, 0x7f, 0x37,
    0x1b, 0x36, 0xff, 0xb6, 0xff, 0xb6, 0x1c, 0x3c,
    0x3c, 0x36, 0xff, 0x33, 0xf3, 0x33, 0x3f, 0x33,
    0x33, 0x3f, 0x33, 0x3e, 0x3f, 0x30, 0x33, 0x30,
    0x33, 0x30,

    /* U+912D "鄭" */
    0x31, 0x0, 0xff, 0xff, 0xff, 0xff, 0x1e, 0x33,
    0x1e, 0x37, 0x7f, 0xf6, 0x5e, 0xf6, 0x57, 0xf6,
    0x70, 0xf6, 0x7f, 0xf6, 0x40, 0xf3, 0x7f, 0xf3,
    0xc, 0x33, 0xff, 0xf7, 0x1a, 0x36, 0x3b, 0xb0,
    0xf1, 0xf0, 0xc0, 0xb0,

    /* U+91AB "醫" */
    0x7f, 0xbe, 0x34, 0x19, 0x5f, 0xfc, 0xee, 0xcc,
    0x77, 0xfb, 0xf3, 0x39, 0xb9, 0xe4, 0xf8, 0xff,
    0xff, 0x0, 0x31, 0x7f, 0xff, 0xcf, 0xff, 0xc6,
    0x34, 0x63, 0xf3, 0xf1, 0xff, 0xf8, 0xff, 0xfc,
    0x7f, 0xfe, 0x30, 0x3, 0x0,

    /* U+91CC "里" */
    0x3f, 0xfe, 0x3f, 0xfe, 0x31, 0x8e, 0x31, 0x8e,
    0x3f, 0xfe, 0x3f, 0xfe, 0x31, 0x8e, 0x3f, 0xfe,
    0x3f, 0xfe, 0x1, 0x80, 0x7f, 0xfe, 0x7f, 0xfe,
    0x1, 0x80, 0x1, 0x80, 0xff, 0xff, 0xff, 0xff,

    /* U+91CD "重" */
    0x0, 0x8, 0x7f, 0xfc, 0x3f, 0xf0, 0x1, 0x80,
    0xff, 0xff, 0x1, 0x80, 0x3f, 0xfc, 0x31, 0x8c,
    0x31, 0x8c, 0x3f, 0xfc, 0x31, 0x8c, 0x3f, 0xfc,
    0x1, 0x80, 0x7f, 0xfe, 0x1, 0x80, 0x1, 0x80,
    0xff, 0xff,

    /* U+91D1 "金" */
    0x0, 0xe0, 0x0, 0x78, 0x0, 0x3f, 0x0, 0x3c,
    0xf0, 0x3e, 0x1f, 0x1f, 0xff, 0xe6, 0xff, 0xd8,
    0x3, 0x0, 0x0, 0xc0, 0xf, 0xff, 0xc3, 0xff,
    0xf0, 0x63, 0x10, 0xc, 0xce, 0x3, 0x33, 0x0,
    0xcd, 0x81, 0xff, 0xfe, 0x7f, 0xff, 0x80,

    /* U+9280 "銀" */
    0x8, 0x0, 0x3, 0x1f, 0xe1, 0xe7, 0xf8, 0xfd,
    0x86, 0x73, 0xe1, 0x98, 0x5f, 0xe7, 0xe7, 0xf8,
    0x21, 0x86, 0x7f, 0x7f, 0x9f, 0xdb, 0x0, 0xa6,
    0xd9, 0xad, 0xbe, 0x2a, 0x67, 0xa, 0x99, 0xc1,
    0xf7, 0xb9, 0xfb, 0xef, 0x60, 0x61, 0x80,

    /* U+937E "鍾" */
    0x8, 0x3, 0x6, 0x3f, 0xc3, 0xc1, 0x81, 0xd8,
    0x60, 0xe3, 0xff, 0xdf, 0x86, 0x3, 0xef, 0xf8,
    0x63, 0x66, 0x7e, 0xff, 0x9f, 0xbf, 0xe1, 0x8d,
    0x99, 0xeb, 0xfe, 0x7a, 0x18, 0xf, 0xbf, 0xe1,
    0xe1, 0x81, 0xf8, 0x60, 0x7e, 0x18, 0x1c, 0x7f,
    0xf0,

    /* U+9418 "鐘" */
    0x0, 0x8, 0x6, 0x6, 0x3, 0xcf, 0xf9, 0xd9,
    0x9c, 0xe2, 0x67, 0x1f, 0x7f, 0xf1, 0x80, 0x0,
    0x63, 0xfe, 0x7e, 0xd9, 0x9f, 0xbf, 0xe1, 0xed,
    0x99, 0xfb, 0xfe, 0x7c, 0x18, 0x6, 0x3f, 0xe7,
    0xe1, 0x81, 0xf8, 0x60, 0x71, 0xff, 0xc0,

    /* U+9435 "鐵" */
    0x18, 0x66, 0x8f, 0x3d, 0xe7, 0x66, 0x6b, 0x9f,
    0xff, 0x7d, 0xff, 0xdf, 0x1, 0x81, 0x8f, 0x61,
    0xfa, 0x5b, 0x7e, 0xf6, 0x87, 0x1, 0xe5, 0xef,
    0xf9, 0xf1, 0x9c, 0x3c, 0xf7, 0x7, 0x99, 0xd7,
    0xff, 0xfd, 0xe7, 0xf6, 0x0, 0x9, 0x80,

    /* U+9577 "長" */
    0x1f, 0xfc, 0x1f, 0xfc, 0x18, 0x0, 0x1f, 0xfc,
    0x18, 0x0, 0x1f, 0xfc, 0x1f, 0xfc, 0x18, 0x0,
    0xff, 0xff, 0xff, 0xff, 0x19, 0xc6, 0x18, 0xfe,
    0x18, 0x78, 0x3b, 0xb8, 0x3f, 0x1f, 0x3c, 0x7,

    /* U+9580 "門" */
    0xfe, 0xff, 0xfd, 0xff, 0x1b, 0x1f, 0xf7, 0xfc,
    0x6c, 0x78, 0xd8, 0xff, 0xbf, 0xff, 0x7f, 0xc0,
    0x7, 0x80, 0xf, 0x0, 0x1e, 0x0, 0x3c, 0x0,
    0x78, 0x0, 0xf0, 0x1, 0xe0, 0x1f, 0xc0, 0x3c,

    /* U+958B "開" */
    0xfe, 0xff, 0x8d, 0x8f, 0x1b, 0x1f, 0xf7, 0xfc,
    0x6c, 0x78, 0xd8, 0xff, 0xbf, 0xe0, 0x3, 0xdf,
    0xf7, 0x8d, 0x8f, 0x1b, 0x1e, 0xff, 0xbd, 0xff,
    0x78, 0x98, 0xf3, 0x31, 0xe6, 0x6f, 0xd8, 0xdc,

    /* U+9593 "間" */
    0xfe, 0xff, 0x8d, 0x8f, 0x1b, 0x1f, 0xf7, 0xfc,
    0x6c, 0x78, 0xd8, 0xff, 0xbf, 0xe0, 0x3, 0xcf,
    0xe7, 0x98, 0xcf, 0x31, 0x9e, 0x7f, 0x3c, 0xc6,
    0x79, 0x8c, 0xf3, 0xf9, 0xe0, 0x1f, 0xc0, 0x1c,

    /* U+95A3 "閣" */
    0xfe, 0xff, 0x8d, 0x8f, 0x1b, 0x1f, 0xf7, 0xfc,
    0x6c, 0x7f, 0xdf, 0xf1, 0x81, 0xe7, 0xfb, 0xde,
    0xe7, 0xa7, 0x8f, 0x1f, 0x9f, 0xf7, 0xfc, 0xfe,
    0x79, 0x8c, 0xf3, 0xf9, 0xe6, 0xf, 0xc0, 0xc,

    /* U+9632 "防" */
    0x0, 0x30, 0xfc, 0x30, 0xfc, 0x30, 0xcc, 0x20,
    0xdf, 0xff, 0xdb, 0xff, 0xd8, 0xc0, 0xd8, 0xc0,
    0xd8, 0xfe, 0xcc, 0xfe, 0xcc, 0xc6, 0xcc, 0xc6,
    0xdd, 0x86, 0xd9, 0x86, 0xc3, 0x86, 0xc7, 0x6,
    0xce, 0x3e, 0xc4, 0x3c,

    /* U+9662 "院" */
    0x0, 0x60, 0xfc, 0x60, 0xfc, 0x70, 0xcf, 0xfe,
    0xdb, 0xfe, 0xdb, 0x6, 0xdb, 0xfe, 0xd9, 0xfc,
    0xd8, 0x0, 0xcf, 0xff, 0xcf, 0xff, 0xcf, 0xff,
    0xfc, 0xd8, 0xd9, 0x98, 0xc1, 0x9a, 0xc3, 0x9b,
    0xc7, 0x1f, 0xc2, 0x1e,

    /* U+9673 "陳" */
    0xfc, 0x30, 0xff, 0xff, 0xcf, 0xff, 0xd8, 0x30,
    0xd8, 0x30, 0xd9, 0xfe, 0xd9, 0x36, 0xd9, 0xfe,
    0xcd, 0x36, 0xcd, 0xfe, 0xcd, 0xfe, 0xfc, 0xf8,
    0xd9, 0xfc, 0xc3, 0xb6, 0xc7, 0x37, 0xc2, 0x32,
    0xc0, 0x30,

    /* U+96A7 "隧" */
    0x0, 0x22, 0x7c, 0x33, 0x3f, 0x89, 0x9b, 0xe6,
    0xcd, 0xbf, 0xf7, 0x91, 0xc3, 0xc1, 0xcd, 0xef,
    0xfe, 0xd3, 0x3c, 0x6d, 0xf7, 0x36, 0xd7, 0x9b,
    0x67, 0xef, 0xbe, 0xd7, 0x9a, 0x63, 0xc, 0x61,
    0x9f, 0x80, 0xcc, 0xff, 0x64, 0x1f, 0x80,

    /* U+96C5 "雅" */
    0x0, 0x20, 0x3f, 0x9b, 0x1f, 0xdd, 0x80, 0xcc,
    0xc3, 0x6f, 0xf9, 0x37, 0xfd, 0x9f, 0x98, 0xff,
    0xfe, 0x7f, 0x7f, 0xf, 0x33, 0x7, 0x99, 0x87,
    0xcf, 0xe3, 0x67, 0xf3, 0xb3, 0x33, 0x99, 0x98,
    0xbc, 0xff, 0x1c, 0x7f, 0x80, 0x30, 0x0,

    /* U+96F2 "雲" */
    0x7f, 0xfe, 0x1, 0x80, 0xff, 0xff, 0xff, 0xff,
    0xc1, 0x83, 0xdd, 0xbb, 0xc1, 0x83, 0x3d, 0xbc,
    0x0, 0x0, 0x3f, 0xfc, 0x0, 0x0, 0x0, 0x0,
    0xff, 0xff, 0x1c, 0x38, 0x38, 0x3c, 0x3f, 0xfe,
    0x0, 0x4,

    /* U+96FB "電" */
    0x7f, 0xfc, 0x1, 0x80, 0xff, 0xff, 0xff, 0xff,
    0xc1, 0x83, 0xdd, 0xbb, 0x1, 0x80, 0x3d, 0xb8,
    0x0, 0x0, 0x3f, 0xfc, 0x31, 0x8c, 0x3f, 0xfc,
    0x31, 0x8c, 0x3f, 0xfe, 0x31, 0x83, 0x1, 0x83,
    0x0, 0xfe,

    /* U+9752 "青" */
    0x7f, 0xfe, 0x1, 0x80, 0x1, 0x80, 0x3f, 0xfc,
    0x1, 0x80, 0x1, 0x80, 0xff, 0xff, 0x0, 0x0,
    0x3f, 0xfc, 0x30, 0xc, 0x3f, 0xfc, 0x30, 0xc,
    0x30, 0xc, 0x3f, 0xfc, 0x30, 0xc, 0x30, 0x7c,
    0x30, 0x78,

    /* U+9762 "面" */
    0xff, 0xff, 0xff, 0xff, 0x3, 0x80, 0x3, 0x80,
    0x7f, 0xfe, 0x7f, 0xfe, 0x64, 0x66, 0x64, 0x66,
    0x67, 0xe6, 0x64, 0x66, 0x64, 0x66, 0x67, 0xe6,
    0x64, 0x66, 0x64, 0x66, 0x7f, 0xfe, 0x7f, 0xfe,
    0x60, 0x6,

    /* U+9805 "項" */
    0x1, 0xff, 0x80, 0xff, 0xdf, 0x86, 0xf, 0xc3,
    0x1, 0x8f, 0xf0, 0xc6, 0x18, 0x63, 0xfc, 0x31,
    0x86, 0x18, 0xc3, 0xd, 0x7f, 0x87, 0xb0, 0xcf,
    0xd8, 0x67, 0xf, 0xf0, 0x2, 0x30, 0x7, 0x9c,
    0x7, 0x7, 0x0, 0x1, 0x0,

    /* U+9806 "順" */
    0x63, 0x7f, 0x98, 0xdf, 0xe6, 0xb0, 0xc1, 0xad,
    0xfe, 0x6b, 0x7f, 0x9a, 0xd8, 0x66, 0xb7, 0xf9,
    0xad, 0x86, 0x6b, 0x61, 0x9a, 0xdf, 0xe6, 0xb6,
    0x19, 0xad, 0xfe, 0x6b, 0x7f, 0xb2, 0xcc, 0xcc,
    0x3f, 0x3d, 0x0, 0x2,

    /* U+9810 "預" */
    0x7f, 0xff, 0xbf, 0xff, 0xc1, 0x87, 0x7, 0x8f,
    0xe3, 0x87, 0xf0, 0xe3, 0x1b, 0xfd, 0xfd, 0xfe,
    0xc6, 0x1b, 0x63, 0xd, 0xbf, 0x86, 0x98, 0xc3,
    0xc, 0x61, 0x87, 0xf0, 0xc1, 0x0, 0x61, 0xdc,
    0xf3, 0xc7, 0x71, 0x81, 0x80,

    /* U+982D "頭" */
    0xff, 0xff, 0x7f, 0xff, 0x80, 0xe, 0x1f, 0xdf,
    0xef, 0xef, 0xf6, 0x36, 0x1b, 0x1b, 0xfd, 0xfd,
    0x86, 0xfe, 0xc3, 0x26, 0x7f, 0x9b, 0x30, 0xcd,
    0x98, 0x66, 0xcf, 0xf3, 0xf2, 0x23, 0xf3, 0x9d,
    0x87, 0x87, 0x1, 0x0, 0x0,

    /* U+9928 "館" */
    0x18, 0x30, 0x3c, 0x18, 0xff, 0xff, 0xf7, 0x83,
    0xdb, 0x83, 0x7e, 0xfe, 0x66, 0xc6, 0x7e, 0xc6,
    0x7e, 0xfe, 0x66, 0xc0, 0x7e, 0xc0, 0x7e, 0xff,
    0x64, 0xff, 0x6c, 0xc3, 0xfe, 0xff, 0x60, 0xff,
    0x0, 0xc3,

    /* U+9999 "香" */
    0x0, 0x3c, 0x7, 0xff, 0x81, 0xfc, 0x0, 0x3,
    0x0, 0x7f, 0xff, 0x9f, 0xff, 0xe0, 0x7f, 0x80,
    0x3b, 0x70, 0x3c, 0xcf, 0x1e, 0x31, 0xe2, 0xff,
    0xe0, 0x30, 0x38, 0xf, 0xfe, 0x3, 0x3, 0x80,
    0xc0, 0xe0, 0x3f, 0xf8, 0xc, 0xe, 0x0,

    /* U+9AD4 "體" */
    0x7e, 0xff, 0x33, 0x7f, 0x9d, 0xad, 0x4e, 0xdf,
    0xe7, 0x6b, 0x57, 0xff, 0xfb, 0xff, 0xfd, 0x86,
    0x0, 0x7e, 0xff, 0xb3, 0x0, 0x1f, 0xbf, 0xcc,
    0xd8, 0x67, 0xef, 0xf3, 0x33, 0x31, 0x99, 0x98,
    0xcc, 0xec, 0x7c, 0xff, 0x80,

    /* U+9AD8 "高" */
    0x1, 0x80, 0xff, 0xff, 0xff, 0xff, 0x0, 0x0,
    0x3f, 0xfc, 0x38, 0xc, 0x38, 0xc, 0x3f, 0xfc,
    0x0, 0x0, 0xff, 0xff, 0xe0, 0x7, 0xef, 0xf7,
    0xec, 0x37, 0xec, 0x37, 0xef, 0xf7, 0xe0, 0x17,
    0xe0, 0xe,

    /* U+9C72 "鱲" */
    0x20, 0xbb, 0x3e, 0xf3, 0x12, 0x6d, 0x8b, 0x1b,
    0x65, 0x9f, 0xf7, 0xef, 0xf9, 0x56, 0xec, 0xfb,
    0xfe, 0x55, 0xff, 0x2a, 0x0, 0x1f, 0x7f, 0x80,
    0x36, 0x46, 0xdf, 0xe3, 0x7f, 0xb1, 0xaf, 0xdb,
    0xd3, 0xff, 0x1, 0x31, 0x0,

    /* U+9CF3 "鳳" */
    0x3f, 0xff, 0xf, 0xff, 0xc3, 0x0, 0x70, 0xdf,
    0xfc, 0x30, 0x87, 0xd, 0xfd, 0xc3, 0x7f, 0x70,
    0xd8, 0xdc, 0x37, 0xf7, 0xd, 0x81, 0xc3, 0x7f,
    0xf0, 0xd8, 0x1c, 0x77, 0xff, 0x18, 0x7, 0xd6,
    0xef, 0xff, 0xea, 0x7f, 0x40, 0x79, 0x80,

    /* U+9CF4 "鳴" */
    0x0, 0x70, 0x0, 0x60, 0xfb, 0xfe, 0xfb, 0x6,
    0xdb, 0xfe, 0xdb, 0x6, 0xdb, 0xfe, 0xdb, 0x0,
    0xdb, 0xff, 0xdb, 0x0, 0xfb, 0xff, 0xc0, 0x3,
    0xc7, 0xeb, 0x5, 0xef, 0xd, 0xab, 0xd, 0xa2,
    0x8, 0xe,

    /* U+9E97 "麗" */
    0x7f, 0x7f, 0x0, 0x0, 0x1f, 0xdf, 0xcd, 0x6f,
    0x66, 0xf6, 0xb0, 0xc, 0x1, 0xff, 0xfc, 0xc4,
    0x60, 0x7f, 0xff, 0x31, 0x19, 0x9f, 0xff, 0xcd,
    0x86, 0x6, 0xfb, 0xf3, 0x61, 0x89, 0xb0, 0xc7,
    0x9f, 0x63, 0xdf, 0xbf, 0x0,

    /* U+9E9F "麟" */
    0xc, 0xd, 0x1, 0x1b, 0x67, 0xfb, 0xf1, 0xa9,
    0xfe, 0x6a, 0x7f, 0x9f, 0xef, 0xc6, 0xaf, 0xdd,
    0xab, 0xb6, 0x7f, 0xe1, 0x1e, 0xdf, 0xe7, 0xf5,
    0xd1, 0xff, 0x54, 0x7f, 0xf5, 0x1e, 0xcf, 0xe7,
    0xf6, 0x13, 0x7d, 0x84, 0x50, 0x41, 0x0,

    /* U+9EC3 "黃" */
    0xc, 0x30, 0x7f, 0xfe, 0xc, 0x30, 0xf, 0xf0,
    0x0, 0x0, 0xff, 0xff, 0xff, 0xff, 0x1, 0x80,
    0x3f, 0xfc, 0x31, 0x8c, 0x3f, 0xfc, 0x31, 0x8c,
    0x3f, 0xfc, 0x1c, 0x38, 0xf8, 0x1f, 0x60, 0x6,

    /* U+9F8D "龍" */
    0x18, 0x60, 0x7f, 0xbf, 0xbf, 0xdf, 0xcc, 0xcc,
    0x2, 0x47, 0xf7, 0xf8, 0x1b, 0xfc, 0xc, 0x0,
    0xfe, 0x7e, 0x60, 0x33, 0x3f, 0x9f, 0x98, 0xc,
    0xcf, 0xe7, 0xe6, 0x3, 0xf3, 0xf9, 0x99, 0x86,
    0xdc, 0xfe, 0x6e, 0x7f, 0x0
};


/*---------------------
 *  GLYPH DESCRIPTION
 *--------------------*/

static const lv_font_fmt_txt_glyph_dsc_t glyph_dsc[] = {
    {.bitmap_index = 0, .adv_w = 0, .box_w = 0, .box_h = 0, .ofs_x = 0, .ofs_y = 0} /* id = 0 reserved */,
    {.bitmap_index = 0, .adv_w = 65, .box_w = 1, .box_h = 1, .ofs_x = 0, .ofs_y = 0},
    {.bitmap_index = 1, .adv_w = 107, .box_w = 3, .box_h = 13, .ofs_x = 2, .ofs_y = 0},
    {.bitmap_index = 6, .adv_w = 165, .box_w = 7, .box_h = 6, .ofs_x = 2, .ofs_y = 8},
    {.bitmap_index = 12, .adv_w = 170, .box_w = 9, .box_h = 13, .ofs_x = 1, .ofs_y = 0},
    {.bitmap_index = 27, .adv_w = 277, .box_w = 16, .box_h = 13, .ofs_x = 1, .ofs_y = 0},
    {.bitmap_index = 53, .adv_w = 213, .box_w = 12, .box_h = 13, .ofs_x = 1, .ofs_y = 0},
    {.bitmap_index = 73, .adv_w = 94, .box_w = 3, .box_h = 6, .ofs_x = 2, .ofs_y = 8},
    {.bitmap_index = 76, .adv_w = 109, .box_w = 4, .box_h = 19, .ofs_x = 2, .ofs_y = -4},
    {.bitmap_index = 86, .adv_w = 109, .box_w = 4, .box_h = 19, .ofs_x = 1, .ofs_y = -4},
    {.bitmap_index = 96, .adv_w = 146, .box_w = 7, .box_h = 7, .ofs_x = 1, .ofs_y = 7},
    {.bitmap_index = 103, .adv_w = 170, .box_w = 9, .box_h = 9, .ofs_x = 1, .ofs_y = 2},
    {.bitmap_index = 114, .adv_w = 94, .box_w = 4, .box_h = 7, .ofs_x = 1, .ofs_y = -4},
    {.bitmap_index = 118, .adv_w = 107, .box_w = 5, .box_h = 2, .ofs_x = 1, .ofs_y = 4},
    {.bitmap_index = 120, .adv_w = 94, .box_w = 3, .box_h = 3, .ofs_x = 1, .ofs_y = 0},
    {.bitmap_index = 122, .adv_w = 111, .box_w = 6, .box_h = 17, .ofs_x = 0, .ofs_y = -3},
    {.bitmap_index = 135, .adv_w = 170, .box_w = 9, .box_h = 13, .ofs_x = 1, .ofs_y = 0},
    {.bitmap_index = 150, .adv_w = 170, .box_w = 8, .box_h = 13, .ofs_x = 1, .ofs_y = 0},
    {.bitmap_index = 163, .adv_w = 170, .box_w = 9, .box_h = 13, .ofs_x = 1, .ofs_y = 0},
    {.bitmap_index = 178, .adv_w = 170, .box_w = 9, .box_h = 13, .ofs_x = 0, .ofs_y = 0},
    {.bitmap_index = 193, .adv_w = 170, .box_w = 10, .box_h = 13, .ofs_x = 1, .ofs_y = 0},
    {.bitmap_index = 210, .adv_w = 170, .box_w = 9, .box_h = 13, .ofs_x = 1, .ofs_y = 0},
    {.bitmap_index = 225, .adv_w = 170, .box_w = 9, .box_h = 13, .ofs_x = 1, .ofs_y = 0},
    {.bitmap_index = 240, .adv_w = 170, .box_w = 9, .box_h = 13, .ofs_x = 1, .ofs_y = 0},
    {.bitmap_index = 255, .adv_w = 170, .box_w = 9, .box_h = 13, .ofs_x = 1, .ofs_y = 0},
    {.bitmap_index = 270, .adv_w = 170, .box_w = 9, .box_h = 13, .ofs_x = 1, .ofs_y = 0},
    {.bitmap_index = 285, .adv_w = 94, .box_w = 3, .box_h = 10, .ofs_x = 1, .ofs_y = 0},
    {.bitmap_index = 289, .adv_w = 94, .box_w = 4, .box_h = 14, .ofs_x = 1, .ofs_y = -4},
    {.bitmap_index = 296, .adv_w = 170, .box_w = 9, .box_h = 9, .ofs_x = 1, .ofs_y = 2},
    {.bitmap_index = 307, .adv_w = 170, .box_w = 9, .box_h = 7, .ofs_x = 1, .ofs_y = 3},
    {.bitmap_index = 315, .adv_w = 170, .box_w = 9, .box_h = 9, .ofs_x = 1, .ofs_y = 2},
    {.bitmap_index = 326, .adv_w = 148, .box_w = 8, .box_h = 13, .ofs_x = 1, .ofs_y = 0},
    {.bitmap_index = 339, .adv_w = 290, .box_w = 16, .box_h = 17, .ofs_x = 1, .ofs_y = -4},
    {.bitmap_index = 373, .adv_w = 185, .box_w = 12, .box_h = 13, .ofs_x = 0, .ofs_y = 0},
    {.bitmap_index = 393, .adv_w = 196, .box_w = 10, .box_h = 13, .ofs_x = 2, .ofs_y = 0},
    {.bitmap_index = 410, .adv_w = 189, .box_w = 11, .box_h = 13, .ofs_x = 1, .ofs_y = 0},
    {.bitmap_index = 428, .adv_w = 206, .box_w = 10, .box_h = 13, .ofs_x = 2, .ofs_y = 0},
    {.bitmap_index = 445, .adv_w = 177, .box_w = 9, .box_h = 13, .ofs_x = 2, .ofs_y = 0},
    {.bitmap_index = 460, .adv_w = 168, .box_w = 8, .box_h = 13, .ofs_x = 2, .ofs_y = 0},
    {.bitmap_index = 473, .adv_w = 206, .box_w = 11, .box_h = 13, .ofs_x = 1, .ofs_y = 0},
    {.bitmap_index = 491, .adv_w = 218, .box_w = 11, .box_h = 13, .ofs_x = 2, .ofs_y = 0},
    {.bitmap_index = 509, .adv_w = 95, .box_w = 3, .box_h = 13, .ofs_x = 2, .ofs_y = 0},
    {.bitmap_index = 514, .adv_w = 164, .box_w = 9, .box_h = 13, .ofs_x = 0, .ofs_y = 0},
    {.bitmap_index = 529, .adv_w = 198, .box_w = 11, .box_h = 13, .ofs_x = 2, .ofs_y = 0},
    {.bitmap_index = 547, .adv_w = 166, .box_w = 8, .box_h = 13, .ofs_x = 2, .ofs_y = 0},
    {.bitmap_index = 560, .adv_w = 246, .box_w = 12, .box_h = 13, .ofs_x = 2, .ofs_y = 0},
    {.bitmap_index = 580, .adv_w = 216, .box_w = 10, .box_h = 13, .ofs_x = 2, .ofs_y = 0},
    {.bitmap_index = 597, .adv_w = 222, .box_w = 12, .box_h = 13, .ofs_x = 1, .ofs_y = 0},
    {.bitmap_index = 617, .adv_w = 192, .box_w = 10, .box_h = 13, .ofs_x = 2, .ofs_y = 0},
    {.bitmap_index = 634, .adv_w = 222, .box_w = 13, .box_h = 17, .ofs_x = 1, .ofs_y = -4},
    {.bitmap_index = 662, .adv_w = 196, .box_w = 11, .box_h = 13, .ofs_x = 2, .ofs_y = 0},
    {.bitmap_index = 680, .adv_w = 180, .box_w = 10, .box_h = 13, .ofs_x = 0, .ofs_y = 0},
    {.bitmap_index = 697, .adv_w = 180, .box_w = 10, .box_h = 13, .ofs_x = 1, .ofs_y = 0},
    {.bitmap_index = 714, .adv_w = 215, .box_w = 11, .box_h = 13, .ofs_x = 2, .ofs_y = 0},
    {.bitmap_index = 732, .adv_w = 178, .box_w = 11, .box_h = 13, .ofs_x = 0, .ofs_y = 0},
    {.bitmap_index = 750, .adv_w = 264, .box_w = 16, .box_h = 13, .ofs_x = 0, .ofs_y = 0},
    {.bitmap_index = 776, .adv_w = 181, .box_w = 11, .box_h = 13, .ofs_x = 0, .ofs_y = 0},
    {.bitmap_index = 794, .adv_w = 167, .box_w = 11, .box_h = 13, .ofs_x = 0, .ofs_y = 0},
    {.bitmap_index = 812, .adv_w = 177, .box_w = 10, .box_h = 13, .ofs_x = 1, .ofs_y = 0},
    {.bitmap_index = 829, .adv_w = 109, .box_w = 4, .box_h = 18, .ofs_x = 2, .ofs_y = -4},
    {.bitmap_index = 838, .adv_w = 111, .box_w = 7, .box_h = 17, .ofs_x = 0, .ofs_y = -3},
    {.bitmap_index = 853, .adv_w = 109, .box_w = 4, .box_h = 18, .ofs_x = 1, .ofs_y = -4},
    {.bitmap_index = 862, .adv_w = 163, .box_w = 10, .box_h = 2, .ofs_x = 1, .ofs_y = -3},
    {.bitmap_index = 865, .adv_w = 170, .box_w = 9, .box_h = 10, .ofs_x = 1, .ofs_y = 0},
    {.bitmap_index = 877, .adv_w = 185, .box_w = 9, .box_h = 14, .ofs_x = 1, .ofs_y = 0},
    {.bitmap_index = 893, .adv_w = 152, .box_w = 9, .box_h = 10, .ofs_x = 1, .ofs_y = 0},
    {.bitmap_index = 905, .adv_w = 185, .box_w = 10, .box_h = 14, .ofs_x = 1, .ofs_y = 0},
    {.bitmap_index = 923, .adv_w = 167, .box_w = 10, .box_h = 10, .ofs_x = 0, .ofs_y = 0},
    {.bitmap_index = 936, .adv_w = 107, .box_w = 7, .box_h = 14, .ofs_x = 1, .ofs_y = 0},
    {.bitmap_index = 949, .adv_w = 172, .box_w = 10, .box_h = 14, .ofs_x = 1, .ofs_y = -4},
    {.bitmap_index = 967, .adv_w = 184, .box_w = 9, .box_h = 14, .ofs_x = 1, .ofs_y = 0},
    {.bitmap_index = 983, .adv_w = 88, .box_w = 3, .box_h = 14, .ofs_x = 1, .ofs_y = 0},
    {.bitmap_index = 989, .adv_w = 88, .box_w = 5, .box_h = 18, .ofs_x = -1, .ofs_y = -4},
    {.bitmap_index = 1001, .adv_w = 174, .box_w = 10, .box_h = 14, .ofs_x = 1, .ofs_y = 0},
    {.bitmap_index = 1019, .adv_w = 91, .box_w = 4, .box_h = 14, .ofs_x = 1, .ofs_y = 0},
    {.bitmap_index = 1026, .adv_w = 278, .box_w = 15, .box_h = 10, .ofs_x = 1, .ofs_y = 0},
    {.bitmap_index = 1045, .adv_w = 185, .box_w = 9, .box_h = 10, .ofs_x = 1, .ofs_y = 0},
    {.bitmap_index = 1057, .adv_w = 180, .box_w = 10, .box_h = 10, .ofs_x = 1, .ofs_y = 0},
    {.bitmap_index = 1070, .adv_w = 185, .box_w = 9, .box_h = 14, .ofs_x = 1, .ofs_y = -4},
    {.bitmap_index = 1086, .adv_w = 185, .box_w = 10, .box_h = 14, .ofs_x = 1, .ofs_y = -4},
    {.bitmap_index = 1104, .adv_w = 126, .box_w = 7, .box_h = 10, .ofs_x = 1, .ofs_y = 0},
    {.bitmap_index = 1113, .adv_w = 143, .box_w = 9, .box_h = 10, .ofs_x = 0, .ofs_y = 0},
    {.bitmap_index = 1125, .adv_w = 121, .box_w = 7, .box_h = 13, .ofs_x = 1, .ofs_y = 0},
    {.bitmap_index = 1137, .adv_w = 183, .box_w = 9, .box_h = 10, .ofs_x = 1, .ofs_y = 0},
    {.bitmap_index = 1149, .adv_w = 166, .box_w = 10, .box_h = 10, .ofs_x = 0, .ofs_y = 0},
    {.bitmap_index = 1162, .adv_w = 249, .box_w = 15, .box_h = 10, .ofs_x = 0, .ofs_y = 0},
    {.bitmap_index = 1181, .adv_w = 162, .box_w = 10, .box_h = 10, .ofs_x = 0, .ofs_y = 0},
    {.bitmap_index = 1194, .adv_w = 165, .box_w = 10, .box_h = 14, .ofs_x = 0, .ofs_y = -4},
    {.bitmap_index = 1212, .adv_w = 147, .box_w = 8, .box_h = 10, .ofs_x = 1, .ofs_y = 0},
    {.bitmap_index = 1222, .adv_w = 109, .box_w = 6, .box_h = 18, .ofs_x = 0, .ofs_y = -4},
    {.bitmap_index = 1236, .adv_w = 85, .box_w = 2, .box_h = 20, .ofs_x = 2, .ofs_y = -5},
    {.bitmap_index = 1241, .adv_w = 109, .box_w = 6, .box_h = 18, .ofs_x = 0, .ofs_y = -4},
    {.bitmap_index = 1255, .adv_w = 116, .box_w = 5, .box_h = 6, .ofs_x = 1, .ofs_y = 8},
    {.bitmap_index = 1259, .adv_w = 288, .box_w = 17, .box_h = 2, .ofs_x = 1, .ofs_y = 6},
    {.bitmap_index = 1264, .adv_w = 288, .box_w = 16, .box_h = 13, .ofs_x = 1, .ofs_y = 0},
    {.bitmap_index = 1290, .adv_w = 288, .box_w = 16, .box_h = 16, .ofs_x = 1, .ofs_y = -1},
    {.bitmap_index = 1322, .adv_w = 288, .box_w = 16, .box_h = 16, .ofs_x = 1, .ofs_y = -2},
    {.bitmap_index = 1354, .adv_w = 288, .box_w = 15, .box_h = 17, .ofs_x = 2, .ofs_y = -2},
    {.bitmap_index = 1386, .adv_w = 288, .box_w = 18, .box_h = 17, .ofs_x = 0, .ofs_y = -2},
    {.bitmap_index = 1425, .adv_w = 288, .box_w = 16, .box_h = 13, .ofs_x = 1, .ofs_y = 0},
    {.bitmap_index = 1451, .adv_w = 288, .box_w = 16, .box_h = 17, .ofs_x = 1, .ofs_y = -2},
    {.bitmap_index = 1485, .adv_w = 288, .box_w = 16, .box_h = 17, .ofs_x = 1, .ofs_y = -2},
    {.bitmap_index = 1519, .adv_w = 288, .box_w = 16, .box_h = 17, .ofs_x = 1, .ofs_y = -2},
    {.bitmap_index = 1553, .adv_w = 288, .box_w = 17, .box_h = 17, .ofs_x = 1, .ofs_y = -2},
    {.bitmap_index = 1590, .adv_w = 288, .box_w = 17, .box_h = 17, .ofs_x = 0, .ofs_y = -2},
    {.bitmap_index = 1627, .adv_w = 288, .box_w = 17, .box_h = 17, .ofs_x = 1, .ofs_y = -2},
    {.bitmap_index = 1664, .adv_w = 288, .box_w = 17, .box_h = 17, .ofs_x = 0, .ofs_y = -2},
    {.bitmap_index = 1701, .adv_w = 288, .box_w = 18, .box_h = 17, .ofs_x = 0, .ofs_y = -2},
    {.bitmap_index = 1740, .adv_w = 288, .box_w = 16, .box_h = 18, .ofs_x = 1, .ofs_y = -2},
    {.bitmap_index = 1776, .adv_w = 288, .box_w = 18, .box_h = 17, .ofs_x = 0, .ofs_y = -2},
    {.bitmap_index = 1815, .adv_w = 288, .box_w = 17, .box_h = 17, .ofs_x = 1, .ofs_y = -2},
    {.bitmap_index = 1852, .adv_w = 288, .box_w = 17, .box_h = 17, .ofs_x = 1, .ofs_y = -2},
    {.bitmap_index = 1889, .adv_w = 288, .box_w = 17, .box_h = 17, .ofs_x = 0, .ofs_y = -2},
    {.bitmap_index = 1926, .adv_w = 288, .box_w = 17, .box_h = 17, .ofs_x = 0, .ofs_y = -2},
    {.bitmap_index = 1963, .adv_w = 288, .box_w = 16, .box_h = 16, .ofs_x = 1, .ofs_y = -2},
    {.bitmap_index = 1995, .adv_w = 288, .box_w = 17, .box_h = 17, .ofs_x = 1, .ofs_y = -2},
    {.bitmap_index = 2032, .adv_w = 288, .box_w = 16, .box_h = 17, .ofs_x = 1, .ofs_y = -2},
    {.bitmap_index = 2066, .adv_w = 288, .box_w = 17, .box_h = 18, .ofs_x = 1, .ofs_y = -2},
    {.bitmap_index = 2105, .adv_w = 288, .box_w = 17, .box_h = 17, .ofs_x = 1, .ofs_y = -2},
    {.bitmap_index = 2142, .adv_w = 288, .box_w = 15, .box_h = 17, .ofs_x = 2, .ofs_y = -2},
    {.bitmap_index = 2174, .adv_w = 288, .box_w = 17, .box_h = 17, .ofs_x = 1, .ofs_y = -2},
    {.bitmap_index = 2211, .adv_w = 288, .box_w = 16, .box_h = 17, .ofs_x = 1, .ofs_y = -2},
    {.bitmap_index = 2245, .adv_w = 288, .box_w = 16, .box_h = 17, .ofs_x = 0, .ofs_y = -2},
    {.bitmap_index = 2279, .adv_w = 288, .box_w = 15, .box_h = 17, .ofs_x = 1, .ofs_y = -2},
    {.bitmap_index = 2311, .adv_w = 288, .box_w = 17, .box_h = 17, .ofs_x = 1, .ofs_y = -2},
    {.bitmap_index = 2348, .adv_w = 288, .box_w = 15, .box_h = 17, .ofs_x = 1, .ofs_y = -2},
    {.bitmap_index = 2380, .adv_w = 288, .box_w = 16, .box_h = 17, .ofs_x = 1, .ofs_y = -2},
    {.bitmap_index = 2414, .adv_w = 288, .box_w = 17, .box_h = 18, .ofs_x = 1, .ofs_y = -2},
    {.bitmap_index = 2453, .adv_w = 288, .box_w = 17, .box_h = 17, .ofs_x = 0, .ofs_y = -2},
    {.bitmap_index = 2490, .adv_w = 288, .box_w = 16, .box_h = 16, .ofs_x = 1, .ofs_y = -1},
    {.bitmap_index = 2522, .adv_w = 288, .box_w = 16, .box_h = 17, .ofs_x = 1, .ofs_y = -2},
    {.bitmap_index = 2556, .adv_w = 288, .box_w = 16, .box_h = 17, .ofs_x = 1, .ofs_y = -2},
    {.bitmap_index = 2590, .adv_w = 288, .box_w = 16, .box_h = 17, .ofs_x = 1, .ofs_y = -2},
    {.bitmap_index = 2624, .adv_w = 288, .box_w = 16, .box_h = 16, .ofs_x = 1, .ofs_y = -1},
    {.bitmap_index = 2656, .adv_w = 288, .box_w = 17, .box_h = 16, .ofs_x = 0, .ofs_y = -1},
    {.bitmap_index = 2690, .adv_w = 288, .box_w = 14, .box_h = 15, .ofs_x = 2, .ofs_y = -2},
    {.bitmap_index = 2717, .adv_w = 288, .box_w = 16, .box_h = 17, .ofs_x = 1, .ofs_y = -2},
    {.bitmap_index = 2751, .adv_w = 288, .box_w = 15, .box_h = 17, .ofs_x = 2, .ofs_y = -2},
    {.bitmap_index = 2783, .adv_w = 288, .box_w = 16, .box_h = 17, .ofs_x = 1, .ofs_y = -2},
    {.bitmap_index = 2817, .adv_w = 288, .box_w = 17, .box_h = 17, .ofs_x = 1, .ofs_y = -2},
    {.bitmap_index = 2854, .adv_w = 288, .box_w = 15, .box_h = 17, .ofs_x = 2, .ofs_y = -2},
    {.bitmap_index = 2886, .adv_w = 288, .box_w = 13, .box_h = 17, .ofs_x = 2, .ofs_y = -2},
    {.bitmap_index = 2914, .adv_w = 288, .box_w = 17, .box_h = 16, .ofs_x = 1, .ofs_y = -1},
    {.bitmap_index = 2948, .adv_w = 288, .box_w = 16, .box_h = 18, .ofs_x = 0, .ofs_y = -2},
    {.bitmap_index = 2984, .adv_w = 288, .box_w = 16, .box_h = 17, .ofs_x = 1, .ofs_y = -2},
    {.bitmap_index = 3018, .adv_w = 288, .box_w = 16, .box_h = 18, .ofs_x = 1, .ofs_y = -2},
    {.bitmap_index = 3054, .adv_w = 288, .box_w = 17, .box_h = 17, .ofs_x = 1, .ofs_y = -2},
    {.bitmap_index = 3091, .adv_w = 288, .box_w = 16, .box_h = 17, .ofs_x = 1, .ofs_y = -2},
    {.bitmap_index = 3125, .adv_w = 288, .box_w = 17, .box_h = 17, .ofs_x = 0, .ofs_y = -2},
    {.bitmap_index = 3162, .adv_w = 288, .box_w = 17, .box_h = 17, .ofs_x = 1, .ofs_y = -2},
    {.bitmap_index = 3199, .adv_w = 288, .box_w = 15, .box_h = 17, .ofs_x = 1, .ofs_y = -2},
    {.bitmap_index = 3231, .adv_w = 288, .box_w = 15, .box_h = 17, .ofs_x = 1, .ofs_y = -2},
    {.bitmap_index = 3263, .adv_w = 288, .box_w = 16, .box_h = 17, .ofs_x = 1, .ofs_y = -2},
    {.bitmap_index = 3297, .adv_w = 288, .box_w = 15, .box_h = 17, .ofs_x = 1, .ofs_y = -2},
    {.bitmap_index = 3329, .adv_w = 288, .box_w = 17, .box_h = 17, .ofs_x = 1, .ofs_y = -2},
    {.bitmap_index = 3366, .adv_w = 288, .box_w = 17, .box_h = 17, .ofs_x = 1, .ofs_y = -2},
    {.bitmap_index = 3403, .adv_w = 288, .box_w = 16, .box_h = 17, .ofs_x = 1, .ofs_y = -2},
    {.bitmap_index = 3437, .adv_w = 288, .box_w = 17, .box_h = 16, .ofs_x = 0, .ofs_y = -1},
    {.bitmap_index = 3471, .adv_w = 288, .box_w = 16, .box_h = 16, .ofs_x = 1, .ofs_y = -1},
    {.bitmap_index = 3503, .adv_w = 288, .box_w = 16, .box_h = 17, .ofs_x = 1, .ofs_y = -2},
    {.bitmap_index = 3537, .adv_w = 288, .box_w = 17, .box_h = 16, .ofs_x = 1, .ofs_y = -1},
    {.bitmap_index = 3571, .adv_w = 288, .box_w = 16, .box_h = 16, .ofs_x = 1, .ofs_y = -1},
    {.bitmap_index = 3603, .adv_w = 288, .box_w = 17, .box_h = 17, .ofs_x = 0, .ofs_y = -2},
    {.bitmap_index = 3640, .adv_w = 288, .box_w = 16, .box_h = 17, .ofs_x = 1, .ofs_y = -2},
    {.bitmap_index = 3674, .adv_w = 288, .box_w = 18, .box_h = 15, .ofs_x = 0, .ofs_y = -1},
    {.bitmap_index = 3708, .adv_w = 288, .box_w = 17, .box_h = 16, .ofs_x = 0, .ofs_y = -1},
    {.bitmap_index = 3742, .adv_w = 288, .box_w = 17, .box_h = 16, .ofs_x = 1, .ofs_y = -1},
    {.bitmap_index = 3776, .adv_w = 288, .box_w = 17, .box_h = 16, .ofs_x = 1, .ofs_y = -1},
    {.bitmap_index = 3810, .adv_w = 288, .box_w = 17, .box_h = 17, .ofs_x = 1, .ofs_y = -2},
    {.bitmap_index = 3847, .adv_w = 288, .box_w = 17, .box_h = 17, .ofs_x = 0, .ofs_y = -2},
    {.bitmap_index = 3884, .adv_w = 288, .box_w = 17, .box_h = 17, .ofs_x = 1, .ofs_y = -2},
    {.bitmap_index = 3921, .adv_w = 288, .box_w = 16, .box_h = 17, .ofs_x = 1, .ofs_y = -2},
    {.bitmap_index = 3955, .adv_w = 288, .box_w = 16, .box_h = 17, .ofs_x = 1, .ofs_y = -2},
    {.bitmap_index = 3989, .adv_w = 288, .box_w = 16, .box_h = 18, .ofs_x = 1, .ofs_y = -2},
    {.bitmap_index = 4025, .adv_w = 288, .box_w = 16, .box_h = 17, .ofs_x = 1, .ofs_y = -2},
    {.bitmap_index = 4059, .adv_w = 288, .box_w = 16, .box_h = 17, .ofs_x = 1, .ofs_y = -2},
    {.bitmap_index = 4093, .adv_w = 288, .box_w = 15, .box_h = 18, .ofs_x = 1, .ofs_y = -2},
    {.bitmap_index = 4127, .adv_w = 288, .box_w = 17, .box_h = 17, .ofs_x = 0, .ofs_y = -2},
    {.bitmap_index = 4164, .adv_w = 288, .box_w = 17, .box_h = 18, .ofs_x = 0, .ofs_y = -2},
    {.bitmap_index = 4203, .adv_w = 288, .box_w = 16, .box_h = 17, .ofs_x = 1, .ofs_y = -2},
    {.bitmap_index = 4237, .adv_w = 288, .box_w = 16, .box_h = 18, .ofs_x = 1, .ofs_y = -2},
    {.bitmap_index = 4273, .adv_w = 288, .box_w = 15, .box_h = 17, .ofs_x = 1, .ofs_y = -1},
    {.bitmap_index = 4305, .adv_w = 288, .box_w = 16, .box_h = 17, .ofs_x = 1, .ofs_y = -2},
    {.bitmap_index = 4339, .adv_w = 288, .box_w = 17, .box_h = 18, .ofs_x = 0, .ofs_y = -2},
    {.bitmap_index = 4378, .adv_w = 288, .box_w = 18, .box_h = 17, .ofs_x = 0, .ofs_y = -2},
    {.bitmap_index = 4417, .adv_w = 288, .box_w = 16, .box_h = 17, .ofs_x = 1, .ofs_y = -2},
    {.bitmap_index = 4451, .adv_w = 288, .box_w = 14, .box_h = 17, .ofs_x = 2, .ofs_y = -2},
    {.bitmap_index = 4481, .adv_w = 288, .box_w = 16, .box_h = 17, .ofs_x = 1, .ofs_y = -2},
    {.bitmap_index = 4515, .adv_w = 288, .box_w = 16, .box_h = 17, .ofs_x = 1, .ofs_y = -2},
    {.bitmap_index = 4549, .adv_w = 288, .box_w = 17, .box_h = 17, .ofs_x = 0, .ofs_y = -2},
    {.bitmap_index = 4586, .adv_w = 288, .box_w = 18, .box_h = 17, .ofs_x = 0, .ofs_y = -2},
    {.bitmap_index = 4625, .adv_w = 288, .box_w = 16, .box_h = 17, .ofs_x = 1, .ofs_y = -2},
    {.bitmap_index = 4659, .adv_w = 288, .box_w = 14, .box_h = 17, .ofs_x = 2, .ofs_y = -2},
    {.bitmap_index = 4689, .adv_w = 288, .box_w = 17, .box_h = 17, .ofs_x = 0, .ofs_y = -2},
    {.bitmap_index = 4726, .adv_w = 288, .box_w = 18, .box_h = 17, .ofs_x = 1, .ofs_y = -2},
    {.bitmap_index = 4765, .adv_w = 288, .box_w = 16, .box_h = 17, .ofs_x = 1, .ofs_y = -2},
    {.bitmap_index = 4799, .adv_w = 288, .box_w = 17, .box_h = 17, .ofs_x = 1, .ofs_y = -2},
    {.bitmap_index = 4836, .adv_w = 288, .box_w = 16, .box_h = 17, .ofs_x = 0, .ofs_y = -2},
    {.bitmap_index = 4870, .adv_w = 288, .box_w = 16, .box_h = 13, .ofs_x = 1, .ofs_y = 0},
    {.bitmap_index = 4896, .adv_w = 288, .box_w = 15, .box_h = 16, .ofs_x = 1, .ofs_y = -1},
    {.bitmap_index = 4926, .adv_w = 288, .box_w = 16, .box_h = 17, .ofs_x = 2, .ofs_y = -2},
    {.bitmap_index = 4960, .adv_w = 288, .box_w = 17, .box_h = 18, .ofs_x = 1, .ofs_y = -2},
    {.bitmap_index = 4999, .adv_w = 288, .box_w = 17, .box_h = 18, .ofs_x = 1, .ofs_y = -2},
    {.bitmap_index = 5038, .adv_w = 288, .box_w = 16, .box_h = 18, .ofs_x = 1, .ofs_y = -2},
    {.bitmap_index = 5074, .adv_w = 288, .box_w = 18, .box_h = 18, .ofs_x = 0, .ofs_y = -2},
    {.bitmap_index = 5115, .adv_w = 288, .box_w = 18, .box_h = 17, .ofs_x = 0, .ofs_y = -2},
    {.bitmap_index = 5154, .adv_w = 288, .box_w = 17, .box_h = 18, .ofs_x = 1, .ofs_y = -2},
    {.bitmap_index = 5193, .adv_w = 288, .box_w = 17, .box_h = 17, .ofs_x = 0, .ofs_y = -2},
    {.bitmap_index = 5230, .adv_w = 288, .box_w = 18, .box_h = 17, .ofs_x = 0, .ofs_y = -2},
    {.bitmap_index = 5269, .adv_w = 288, .box_w = 18, .box_h = 17, .ofs_x = 0, .ofs_y = -2},
    {.bitmap_index = 5308, .adv_w = 288, .box_w = 17, .box_h = 17, .ofs_x = 1, .ofs_y = -2},
    {.bitmap_index = 5345, .adv_w = 288, .box_w = 17, .box_h = 17, .ofs_x = 0, .ofs_y = -2},
    {.bitmap_index = 5382, .adv_w = 288, .box_w = 17, .box_h = 16, .ofs_x = 0, .ofs_y = -2},
    {.bitmap_index = 5416, .adv_w = 288, .box_w = 16, .box_h = 17, .ofs_x = 1, .ofs_y = -2},
    {.bitmap_index = 5450, .adv_w = 288, .box_w = 18, .box_h = 17, .ofs_x = 0, .ofs_y = -2},
    {.bitmap_index = 5489, .adv_w = 288, .box_w = 17, .box_h = 17, .ofs_x = 0, .ofs_y = -2},
    {.bitmap_index = 5526, .adv_w = 288, .box_w = 17, .box_h = 17, .ofs_x = 0, .ofs_y = -2},
    {.bitmap_index = 5563, .adv_w = 288, .box_w = 18, .box_h = 17, .ofs_x = 0, .ofs_y = -2},
    {.bitmap_index = 5602, .adv_w = 288, .box_w = 16, .box_h = 18, .ofs_x = 1, .ofs_y = -2},
    {.bitmap_index = 5638, .adv_w = 288, .box_w = 18, .box_h = 18, .ofs_x = 0, .ofs_y = -2},
    {.bitmap_index = 5679, .adv_w = 288, .box_w = 17, .box_h = 17, .ofs_x = 0, .ofs_y = -2},
    {.bitmap_index = 5716, .adv_w = 288, .box_w = 16, .box_h = 17, .ofs_x = 1, .ofs_y = -2},
    {.bitmap_index = 5750, .adv_w = 288, .box_w = 17, .box_h = 17, .ofs_x = 0, .ofs_y = -2},
    {.bitmap_index = 5787, .adv_w = 288, .box_w = 16, .box_h = 17, .ofs_x = 1, .ofs_y = -2},
    {.bitmap_index = 5821, .adv_w = 288, .box_w = 16, .box_h = 17, .ofs_x = 1, .ofs_y = -2},
    {.bitmap_index = 5855, .adv_w = 288, .box_w = 17, .box_h = 18, .ofs_x = 1, .ofs_y = -2},
    {.bitmap_index = 5894, .adv_w = 288, .box_w = 17, .box_h = 18, .ofs_x = 1, .ofs_y = -2},
    {.bitmap_index = 5933, .adv_w = 288, .box_w = 17, .box_h = 17, .ofs_x = 1, .ofs_y = -2},
    {.bitmap_index = 5970, .adv_w = 288, .box_w = 16, .box_h = 17, .ofs_x = 1, .ofs_y = -2},
    {.bitmap_index = 6004, .adv_w = 288, .box_w = 16, .box_h = 18, .ofs_x = 1, .ofs_y = -2},
    {.bitmap_index = 6040, .adv_w = 288, .box_w = 17, .box_h = 17, .ofs_x = 1, .ofs_y = -2},
    {.bitmap_index = 6077, .adv_w = 288, .box_w = 16, .box_h = 15, .ofs_x = 1, .ofs_y = -1},
    {.bitmap_index = 6107, .adv_w = 288, .box_w = 13, .box_h = 17, .ofs_x = 2, .ofs_y = -2},
    {.bitmap_index = 6135, .adv_w = 288, .box_w = 16, .box_h = 17, .ofs_x = 1, .ofs_y = -2},
    {.bitmap_index = 6169, .adv_w = 288, .box_w = 16, .box_h = 16, .ofs_x = 1, .ofs_y = -1},
    {.bitmap_index = 6201, .adv_w = 288, .box_w = 16, .box_h = 17, .ofs_x = 1, .ofs_y = -2},
    {.bitmap_index = 6235, .adv_w = 288, .box_w = 16, .box_h = 17, .ofs_x = 1, .ofs_y = -2},
    {.bitmap_index = 6269, .adv_w = 288, .box_w = 16, .box_h = 17, .ofs_x = 1, .ofs_y = -2},
    {.bitmap_index = 6303, .adv_w = 288, .box_w = 15, .box_h = 17, .ofs_x = 2, .ofs_y = -2},
    {.bitmap_index = 6335, .adv_w = 288, .box_w = 17, .box_h = 17, .ofs_x = 1, .ofs_y = -2},
    {.bitmap_index = 6372, .adv_w = 288, .box_w = 16, .box_h = 17, .ofs_x = 1, .ofs_y = -2},
    {.bitmap_index = 6406, .adv_w = 288, .box_w = 17, .box_h = 17, .ofs_x = 1, .ofs_y = -2},
    {.bitmap_index = 6443, .adv_w = 288, .box_w = 17, .box_h = 17, .ofs_x = 1, .ofs_y = -2},
    {.bitmap_index = 6480, .adv_w = 288, .box_w = 17, .box_h = 17, .ofs_x = 0, .ofs_y = -2},
    {.bitmap_index = 6517, .adv_w = 288, .box_w = 17, .box_h = 17, .ofs_x = 1, .ofs_y = -2},
    {.bitmap_index = 6554, .adv_w = 288, .box_w = 18, .box_h = 17, .ofs_x = 0, .ofs_y = -2},
    {.bitmap_index = 6593, .adv_w = 288, .box_w = 17, .box_h = 17, .ofs_x = 0, .ofs_y = -2},
    {.bitmap_index = 6630, .adv_w = 288, .box_w = 17, .box_h = 17, .ofs_x = 1, .ofs_y = -2},
    {.bitmap_index = 6667, .adv_w = 288, .box_w = 18, .box_h = 17, .ofs_x = 0, .ofs_y = -2},
    {.bitmap_index = 6706, .adv_w = 288, .box_w = 17, .box_h = 17, .ofs_x = 0, .ofs_y = -2},
    {.bitmap_index = 6743, .adv_w = 288, .box_w = 17, .box_h = 17, .ofs_x = 0, .ofs_y = -2},
    {.bitmap_index = 6780, .adv_w = 288, .box_w = 17, .box_h = 17, .ofs_x = 0, .ofs_y = -2},
    {.bitmap_index = 6817, .adv_w = 288, .box_w = 17, .box_h = 17, .ofs_x = 1, .ofs_y = -2},
    {.bitmap_index = 6854, .adv_w = 288, .box_w = 18, .box_h = 17, .ofs_x = 0, .ofs_y = -2},
    {.bitmap_index = 6893, .adv_w = 288, .box_w = 16, .box_h = 17, .ofs_x = 1, .ofs_y = -2},
    {.bitmap_index = 6927, .adv_w = 288, .box_w = 18, .box_h = 17, .ofs_x = 0, .ofs_y = -2},
    {.bitmap_index = 6966, .adv_w = 288, .box_w = 17, .box_h = 17, .ofs_x = 1, .ofs_y = -2},
    {.bitmap_index = 7003, .adv_w = 288, .box_w = 18, .box_h = 17, .ofs_x = 0, .ofs_y = -2},
    {.bitmap_index = 7042, .adv_w = 288, .box_w = 18, .box_h = 17, .ofs_x = 0, .ofs_y = -2},
    {.bitmap_index = 7081, .adv_w = 288, .box_w = 17, .box_h = 17, .ofs_x = 1, .ofs_y = -2},
    {.bitmap_index = 7118, .adv_w = 288, .box_w = 17, .box_h = 17, .ofs_x = 0, .ofs_y = -2},
    {.bitmap_index = 7155, .adv_w = 288, .box_w = 17, .box_h = 17, .ofs_x = 1, .ofs_y = -2},
    {.bitmap_index = 7192, .adv_w = 288, .box_w = 18, .box_h = 17, .ofs_x = 0, .ofs_y = -2},
    {.bitmap_index = 7231, .adv_w = 288, .box_w = 17, .box_h = 17, .ofs_x = 0, .ofs_y = -2},
    {.bitmap_index = 7268, .adv_w = 288, .box_w = 17, .box_h = 18, .ofs_x = 0, .ofs_y = -2},
    {.bitmap_index = 7307, .adv_w = 288, .box_w = 17, .box_h = 16, .ofs_x = 1, .ofs_y = -1},
    {.bitmap_index = 7341, .adv_w = 288, .box_w = 17, .box_h = 16, .ofs_x = 0, .ofs_y = -1},
    {.bitmap_index = 7375, .adv_w = 288, .box_w = 17, .box_h = 18, .ofs_x = 1, .ofs_y = -2},
    {.bitmap_index = 7414, .adv_w = 288, .box_w = 17, .box_h = 17, .ofs_x = 0, .ofs_y = -2},
    {.bitmap_index = 7451, .adv_w = 288, .box_w = 17, .box_h = 18, .ofs_x = 1, .ofs_y = -2},
    {.bitmap_index = 7490, .adv_w = 288, .box_w = 17, .box_h = 17, .ofs_x = 1, .ofs_y = -2},
    {.bitmap_index = 7527, .adv_w = 288, .box_w = 17, .box_h = 18, .ofs_x = 1, .ofs_y = -2},
    {.bitmap_index = 7566, .adv_w = 288, .box_w = 17, .box_h = 17, .ofs_x = 0, .ofs_y = -2},
    {.bitmap_index = 7603, .adv_w = 288, .box_w = 17, .box_h = 17, .ofs_x = 0, .ofs_y = -2},
    {.bitmap_index = 7640, .adv_w = 288, .box_w = 17, .box_h = 17, .ofs_x = 1, .ofs_y = -2},
    {.bitmap_index = 7677, .adv_w = 288, .box_w = 16, .box_h = 17, .ofs_x = 0, .ofs_y = -2},
    {.bitmap_index = 7711, .adv_w = 288, .box_w = 17, .box_h = 18, .ofs_x = 1, .ofs_y = -2},
    {.bitmap_index = 7750, .adv_w = 288, .box_w = 17, .box_h = 17, .ofs_x = 0, .ofs_y = -2},
    {.bitmap_index = 7787, .adv_w = 288, .box_w = 17, .box_h = 17, .ofs_x = 1, .ofs_y = -2},
    {.bitmap_index = 7824, .adv_w = 288, .box_w = 17, .box_h = 18, .ofs_x = 1, .ofs_y = -2},
    {.bitmap_index = 7863, .adv_w = 288, .box_w = 18, .box_h = 18, .ofs_x = 0, .ofs_y = -2},
    {.bitmap_index = 7904, .adv_w = 288, .box_w = 17, .box_h = 17, .ofs_x = 0, .ofs_y = -2},
    {.bitmap_index = 7941, .adv_w = 288, .box_w = 18, .box_h = 17, .ofs_x = 0, .ofs_y = -2},
    {.bitmap_index = 7980, .adv_w = 288, .box_w = 18, .box_h = 17, .ofs_x = 0, .ofs_y = -2},
    {.bitmap_index = 8019, .adv_w = 288, .box_w = 18, .box_h = 17, .ofs_x = 0, .ofs_y = -2},
    {.bitmap_index = 8058, .adv_w = 288, .box_w = 16, .box_h = 17, .ofs_x = 1, .ofs_y = -2},
    {.bitmap_index = 8092, .adv_w = 288, .box_w = 16, .box_h = 17, .ofs_x = 1, .ofs_y = -2},
    {.bitmap_index = 8126, .adv_w = 288, .box_w = 17, .box_h = 17, .ofs_x = 1, .ofs_y = -2},
    {.bitmap_index = 8163, .adv_w = 288, .box_w = 17, .box_h = 16, .ofs_x = 1, .ofs_y = -1},
    {.bitmap_index = 8197, .adv_w = 288, .box_w = 17, .box_h = 17, .ofs_x = 0, .ofs_y = -2},
    {.bitmap_index = 8234, .adv_w = 288, .box_w = 17, .box_h = 17, .ofs_x = 1, .ofs_y = -2},
    {.bitmap_index = 8271, .adv_w = 288, .box_w = 16, .box_h = 16, .ofs_x = 1, .ofs_y = -1},
    {.bitmap_index = 8303, .adv_w = 288, .box_w = 15, .box_h = 16, .ofs_x = 2, .ofs_y = -2},
    {.bitmap_index = 8333, .adv_w = 288, .box_w = 16, .box_h = 17, .ofs_x = 0, .ofs_y = -2},
    {.bitmap_index = 8367, .adv_w = 288, .box_w = 18, .box_h = 18, .ofs_x = 0, .ofs_y = -2},
    {.bitmap_index = 8408, .adv_w = 288, .box_w = 16, .box_h = 17, .ofs_x = 1, .ofs_y = -2},
    {.bitmap_index = 8442, .adv_w = 288, .box_w = 17, .box_h = 16, .ofs_x = 0, .ofs_y = -1},
    {.bitmap_index = 8476, .adv_w = 288, .box_w = 17, .box_h = 17, .ofs_x = 0, .ofs_y = -2},
    {.bitmap_index = 8513, .adv_w = 288, .box_w = 16, .box_h = 16, .ofs_x = 1, .ofs_y = -1},
    {.bitmap_index = 8545, .adv_w = 288, .box_w = 16, .box_h = 17, .ofs_x = 1, .ofs_y = -2},
    {.bitmap_index = 8579, .adv_w = 288, .box_w = 17, .box_h = 16, .ofs_x = 0, .ofs_y = -2},
    {.bitmap_index = 8613, .adv_w = 288, .box_w = 17, .box_h = 18, .ofs_x = 0, .ofs_y = -2},
    {.bitmap_index = 8652, .adv_w = 288, .box_w = 16, .box_h = 17, .ofs_x = 1, .ofs_y = -2},
    {.bitmap_index = 8686, .adv_w = 288, .box_w = 17, .box_h = 17, .ofs_x = 1, .ofs_y = -2},
    {.bitmap_index = 8723, .adv_w = 288, .box_w = 17, .box_h = 17, .ofs_x = 1, .ofs_y = -2},
    {.bitmap_index = 8760, .adv_w = 288, .box_w = 17, .box_h = 18, .ofs_x = 0, .ofs_y = -2},
    {.bitmap_index = 8799, .adv_w = 288, .box_w = 18, .box_h = 17, .ofs_x = 0, .ofs_y = -2},
    {.bitmap_index = 8838, .adv_w = 288, .box_w = 16, .box_h = 17, .ofs_x = 1, .ofs_y = -2},
    {.bitmap_index = 8872, .adv_w = 288, .box_w = 18, .box_h = 18, .ofs_x = 0, .ofs_y = -2},
    {.bitmap_index = 8913, .adv_w = 288, .box_w = 17, .box_h = 17, .ofs_x = 0, .ofs_y = -2},
    {.bitmap_index = 8950, .adv_w = 288, .box_w = 17, .box_h = 18, .ofs_x = 0, .ofs_y = -2},
    {.bitmap_index = 8989, .adv_w = 288, .box_w = 16, .box_h = 18, .ofs_x = 1, .ofs_y = -2},
    {.bitmap_index = 9025, .adv_w = 288, .box_w = 16, .box_h = 16, .ofs_x = 1, .ofs_y = -1},
    {.bitmap_index = 9057, .adv_w = 288, .box_w = 16, .box_h = 17, .ofs_x = 1, .ofs_y = -2},
    {.bitmap_index = 9091, .adv_w = 288, .box_w = 17, .box_h = 17, .ofs_x = 0, .ofs_y = -2},
    {.bitmap_index = 9128, .adv_w = 288, .box_w = 17, .box_h = 18, .ofs_x = 0, .ofs_y = -2},
    {.bitmap_index = 9167, .adv_w = 288, .box_w = 17, .box_h = 17, .ofs_x = 0, .ofs_y = -2},
    {.bitmap_index = 9204, .adv_w = 288, .box_w = 17, .box_h = 17, .ofs_x = 1, .ofs_y = -2},
    {.bitmap_index = 9241, .adv_w = 288, .box_w = 16, .box_h = 17, .ofs_x = 1, .ofs_y = -2},
    {.bitmap_index = 9275, .adv_w = 288, .box_w = 17, .box_h = 18, .ofs_x = 0, .ofs_y = -2},
    {.bitmap_index = 9314, .adv_w = 288, .box_w = 17, .box_h = 18, .ofs_x = 1, .ofs_y = -2},
    {.bitmap_index = 9353, .adv_w = 288, .box_w = 16, .box_h = 16, .ofs_x = 1, .ofs_y = -1},
    {.bitmap_index = 9385, .adv_w = 288, .box_w = 16, .box_h = 17, .ofs_x = 1, .ofs_y = -2},
    {.bitmap_index = 9419, .adv_w = 288, .box_w = 16, .box_h = 16, .ofs_x = 1, .ofs_y = -1},
    {.bitmap_index = 9451, .adv_w = 288, .box_w = 17, .box_h = 18, .ofs_x = 0, .ofs_y = -2},
    {.bitmap_index = 9490, .adv_w = 288, .box_w = 16, .box_h = 17, .ofs_x = 1, .ofs_y = -2},
    {.bitmap_index = 9524, .adv_w = 288, .box_w = 16, .box_h = 17, .ofs_x = 1, .ofs_y = -2},
    {.bitmap_index = 9558, .adv_w = 288, .box_w = 16, .box_h = 17, .ofs_x = 1, .ofs_y = -2},
    {.bitmap_index = 9592, .adv_w = 288, .box_w = 17, .box_h = 17, .ofs_x = 1, .ofs_y = -2},
    {.bitmap_index = 9629, .adv_w = 288, .box_w = 17, .box_h = 17, .ofs_x = 1, .ofs_y = -2},
    {.bitmap_index = 9666, .adv_w = 288, .box_w = 17, .box_h = 18, .ofs_x = 1, .ofs_y = -2},
    {.bitmap_index = 9705, .adv_w = 288, .box_w = 16, .box_h = 18, .ofs_x = 1, .ofs_y = -2},
    {.bitmap_index = 9741, .adv_w = 288, .box_w = 16, .box_h = 17, .ofs_x = 1, .ofs_y = -2},
    {.bitmap_index = 9775, .adv_w = 288, .box_w = 16, .box_h = 17, .ofs_x = 1, .ofs_y = -1},
    {.bitmap_index = 9809, .adv_w = 288, .box_w = 15, .box_h = 18, .ofs_x = 2, .ofs_y = -2},
    {.bitmap_index = 9843, .adv_w = 288, .box_w = 17, .box_h = 17, .ofs_x = 1, .ofs_y = -2},
    {.bitmap_index = 9880, .adv_w = 288, .box_w = 17, .box_h = 17, .ofs_x = 0, .ofs_y = -2},
    {.bitmap_index = 9917, .adv_w = 288, .box_w = 18, .box_h = 17, .ofs_x = 0, .ofs_y = -2},
    {.bitmap_index = 9956, .adv_w = 288, .box_w = 17, .box_h = 16, .ofs_x = 1, .ofs_y = -1},
    {.bitmap_index = 9990, .adv_w = 288, .box_w = 17, .box_h = 17, .ofs_x = 0, .ofs_y = -2},
    {.bitmap_index = 10027, .adv_w = 288, .box_w = 17, .box_h = 17, .ofs_x = 0, .ofs_y = -2},
    {.bitmap_index = 10064, .adv_w = 288, .box_w = 16, .box_h = 17, .ofs_x = 1, .ofs_y = -2},
    {.bitmap_index = 10098, .adv_w = 288, .box_w = 16, .box_h = 17, .ofs_x = 1, .ofs_y = -2},
    {.bitmap_index = 10132, .adv_w = 288, .box_w = 16, .box_h = 17, .ofs_x = 1, .ofs_y = -2},
    {.bitmap_index = 10166, .adv_w = 288, .box_w = 17, .box_h = 17, .ofs_x = 1, .ofs_y = -2},
    {.bitmap_index = 10203, .adv_w = 288, .box_w = 18, .box_h = 16, .ofs_x = 0, .ofs_y = -1},
    {.bitmap_index = 10239, .adv_w = 288, .box_w = 17, .box_h = 16, .ofs_x = 1, .ofs_y = -1},
    {.bitmap_index = 10273, .adv_w = 288, .box_w = 17, .box_h = 17, .ofs_x = 0, .ofs_y = -2},
    {.bitmap_index = 10310, .adv_w = 288, .box_w = 17, .box_h = 17, .ofs_x = 0, .ofs_y = -2},
    {.bitmap_index = 10347, .adv_w = 288, .box_w = 17, .box_h = 17, .ofs_x = 1, .ofs_y = -2},
    {.bitmap_index = 10384, .adv_w = 288, .box_w = 17, .box_h = 17, .ofs_x = 0, .ofs_y = -2},
    {.bitmap_index = 10421, .adv_w = 288, .box_w = 18, .box_h = 17, .ofs_x = 0, .ofs_y = -2},
    {.bitmap_index = 10460, .adv_w = 288, .box_w = 16, .box_h = 17, .ofs_x = 1, .ofs_y = -2},
    {.bitmap_index = 10494, .adv_w = 288, .box_w = 17, .box_h = 18, .ofs_x = 0, .ofs_y = -2},
    {.bitmap_index = 10533, .adv_w = 288, .box_w = 17, .box_h = 17, .ofs_x = 1, .ofs_y = -2},
    {.bitmap_index = 10570, .adv_w = 288, .box_w = 14, .box_h = 18, .ofs_x = 1, .ofs_y = -2},
    {.bitmap_index = 10602, .adv_w = 288, .box_w = 16, .box_h = 18, .ofs_x = 1, .ofs_y = -2},
    {.bitmap_index = 10638, .adv_w = 288, .box_w = 17, .box_h = 17, .ofs_x = 0, .ofs_y = -2},
    {.bitmap_index = 10675, .adv_w = 288, .box_w = 17, .box_h = 17, .ofs_x = 1, .ofs_y = -2},
    {.bitmap_index = 10712, .adv_w = 288, .box_w = 16, .box_h = 17, .ofs_x = 1, .ofs_y = -2},
    {.bitmap_index = 10746, .adv_w = 288, .box_w = 16, .box_h = 17, .ofs_x = 1, .ofs_y = -2},
    {.bitmap_index = 10780, .adv_w = 288, .box_w = 17, .box_h = 17, .ofs_x = 1, .ofs_y = -2},
    {.bitmap_index = 10817, .adv_w = 288, .box_w = 17, .box_h = 17, .ofs_x = 0, .ofs_y = -2},
    {.bitmap_index = 10854, .adv_w = 288, .box_w = 17, .box_h = 17, .ofs_x = 0, .ofs_y = -2},
    {.bitmap_index = 10891, .adv_w = 288, .box_w = 17, .box_h = 18, .ofs_x = 0, .ofs_y = -2},
    {.bitmap_index = 10930, .adv_w = 288, .box_w = 16, .box_h = 17, .ofs_x = 1, .ofs_y = -2},
    {.bitmap_index = 10964, .adv_w = 288, .box_w = 16, .box_h = 17, .ofs_x = 1, .ofs_y = -2},
    {.bitmap_index = 10998, .adv_w = 288, .box_w = 17, .box_h = 17, .ofs_x = 1, .ofs_y = -2},
    {.bitmap_index = 11035, .adv_w = 288, .box_w = 18, .box_h = 17, .ofs_x = 1, .ofs_y = -2},
    {.bitmap_index = 11074, .adv_w = 288, .box_w = 18, .box_h = 17, .ofs_x = 0, .ofs_y = -2},
    {.bitmap_index = 11113, .adv_w = 288, .box_w = 16, .box_h = 17, .ofs_x = 1, .ofs_y = -2},
    {.bitmap_index = 11147, .adv_w = 288, .box_w = 17, .box_h = 17, .ofs_x = 1, .ofs_y = -2},
    {.bitmap_index = 11184, .adv_w = 288, .box_w = 16, .box_h = 17, .ofs_x = 1, .ofs_y = -2},
    {.bitmap_index = 11218, .adv_w = 288, .box_w = 17, .box_h = 17, .ofs_x = 1, .ofs_y = -2},
    {.bitmap_index = 11255, .adv_w = 288, .box_w = 17, .box_h = 16, .ofs_x = 1, .ofs_y = -1},
    {.bitmap_index = 11289, .adv_w = 288, .box_w = 18, .box_h = 18, .ofs_x = 0, .ofs_y = -2},
    {.bitmap_index = 11330, .adv_w = 288, .box_w = 18, .box_h = 17, .ofs_x = 0, .ofs_y = -2},
    {.bitmap_index = 11369, .adv_w = 288, .box_w = 17, .box_h = 17, .ofs_x = 1, .ofs_y = -1},
    {.bitmap_index = 11406, .adv_w = 288, .box_w = 16, .box_h = 17, .ofs_x = 1, .ofs_y = -2},
    {.bitmap_index = 11440, .adv_w = 288, .box_w = 16, .box_h = 17, .ofs_x = 1, .ofs_y = -2},
    {.bitmap_index = 11474, .adv_w = 288, .box_w = 16, .box_h = 17, .ofs_x = 1, .ofs_y = -2},
    {.bitmap_index = 11508, .adv_w = 288, .box_w = 17, .box_h = 18, .ofs_x = 0, .ofs_y = -2},
    {.bitmap_index = 11547, .adv_w = 288, .box_w = 16, .box_h = 17, .ofs_x = 1, .ofs_y = -2},
    {.bitmap_index = 11581, .adv_w = 288, .box_w = 16, .box_h = 18, .ofs_x = 1, .ofs_y = -2},
    {.bitmap_index = 11617, .adv_w = 288, .box_w = 17, .box_h = 17, .ofs_x = 0, .ofs_y = -2},
    {.bitmap_index = 11654, .adv_w = 288, .box_w = 16, .box_h = 16, .ofs_x = 1, .ofs_y = -1},
    {.bitmap_index = 11686, .adv_w = 288, .box_w = 16, .box_h = 17, .ofs_x = 1, .ofs_y = -1},
    {.bitmap_index = 11720, .adv_w = 288, .box_w = 18, .box_h = 17, .ofs_x = 0, .ofs_y = -2},
    {.bitmap_index = 11759, .adv_w = 288, .box_w = 18, .box_h = 17, .ofs_x = 0, .ofs_y = -1},
    {.bitmap_index = 11798, .adv_w = 288, .box_w = 18, .box_h = 18, .ofs_x = 0, .ofs_y = -2},
    {.bitmap_index = 11839, .adv_w = 288, .box_w = 18, .box_h = 17, .ofs_x = 0, .ofs_y = -2},
    {.bitmap_index = 11878, .adv_w = 288, .box_w = 18, .box_h = 17, .ofs_x = 0, .ofs_y = -2},
    {.bitmap_index = 11917, .adv_w = 288, .box_w = 16, .box_h = 16, .ofs_x = 1, .ofs_y = -1},
    {.bitmap_index = 11949, .adv_w = 288, .box_w = 15, .box_h = 17, .ofs_x = 1, .ofs_y = -2},
    {.bitmap_index = 11981, .adv_w = 288, .box_w = 15, .box_h = 17, .ofs_x = 1, .ofs_y = -2},
    {.bitmap_index = 12013, .adv_w = 288, .box_w = 15, .box_h = 17, .ofs_x = 1, .ofs_y = -2},
    {.bitmap_index = 12045, .adv_w = 288, .box_w = 15, .box_h = 17, .ofs_x = 1, .ofs_y = -2},
    {.bitmap_index = 12077, .adv_w = 288, .box_w = 16, .box_h = 18, .ofs_x = 1, .ofs_y = -2},
    {.bitmap_index = 12113, .adv_w = 288, .box_w = 16, .box_h = 18, .ofs_x = 1, .ofs_y = -2},
    {.bitmap_index = 12149, .adv_w = 288, .box_w = 16, .box_h = 17, .ofs_x = 1, .ofs_y = -2},
    {.bitmap_index = 12183, .adv_w = 288, .box_w = 17, .box_h = 18, .ofs_x = 1, .ofs_y = -2},
    {.bitmap_index = 12222, .adv_w = 288, .box_w = 17, .box_h = 18, .ofs_x = 0, .ofs_y = -2},
    {.bitmap_index = 12261, .adv_w = 288, .box_w = 16, .box_h = 17, .ofs_x = 1, .ofs_y = -2},
    {.bitmap_index = 12295, .adv_w = 288, .box_w = 16, .box_h = 17, .ofs_x = 1, .ofs_y = -2},
    {.bitmap_index = 12329, .adv_w = 288, .box_w = 16, .box_h = 17, .ofs_x = 1, .ofs_y = -2},
    {.bitmap_index = 12363, .adv_w = 288, .box_w = 16, .box_h = 17, .ofs_x = 1, .ofs_y = -2},
    {.bitmap_index = 12397, .adv_w = 288, .box_w = 17, .box_h = 17, .ofs_x = 0, .ofs_y = -2},
    {.bitmap_index = 12434, .adv_w = 288, .box_w = 18, .box_h = 16, .ofs_x = 0, .ofs_y = -1},
    {.bitmap_index = 12470, .adv_w = 288, .box_w = 17, .box_h = 17, .ofs_x = 0, .ofs_y = -2},
    {.bitmap_index = 12507, .adv_w = 288, .box_w = 17, .box_h = 17, .ofs_x = 1, .ofs_y = -2},
    {.bitmap_index = 12544, .adv_w = 288, .box_w = 16, .box_h = 17, .ofs_x = 1, .ofs_y = -2},
    {.bitmap_index = 12578, .adv_w = 288, .box_w = 18, .box_h = 17, .ofs_x = 0, .ofs_y = -2},
    {.bitmap_index = 12617, .adv_w = 288, .box_w = 17, .box_h = 17, .ofs_x = 1, .ofs_y = -2},
    {.bitmap_index = 12654, .adv_w = 288, .box_w = 16, .box_h = 17, .ofs_x = 1, .ofs_y = -2},
    {.bitmap_index = 12688, .adv_w = 288, .box_w = 17, .box_h = 17, .ofs_x = 1, .ofs_y = -2},
    {.bitmap_index = 12725, .adv_w = 288, .box_w = 18, .box_h = 17, .ofs_x = 0, .ofs_y = -2},
    {.bitmap_index = 12764, .adv_w = 288, .box_w = 16, .box_h = 17, .ofs_x = 1, .ofs_y = -2},
    {.bitmap_index = 12798, .adv_w = 288, .box_w = 17, .box_h = 17, .ofs_x = 1, .ofs_y = -2},
    {.bitmap_index = 12835, .adv_w = 288, .box_w = 18, .box_h = 17, .ofs_x = 0, .ofs_y = -2},
    {.bitmap_index = 12874, .adv_w = 288, .box_w = 16, .box_h = 16, .ofs_x = 1, .ofs_y = -1},
    {.bitmap_index = 12906, .adv_w = 288, .box_w = 17, .box_h = 17, .ofs_x = 1, .ofs_y = -2}
};

/*---------------------
 *  CHARACTER MAPPING
 *--------------------*/

static const uint16_t unicode_list_4[] = {
    0x0, 0x4d50, 0x4d59, 0x4d5a, 0x4d5b, 0x4d7d, 0x4dad, 0x4ddc,
    0x4de5, 0x4df6, 0x4df8, 0x4e0a, 0x4e11, 0x4e24, 0x4e4b, 0x4ea0,
    0x4ea5, 0x4ed6, 0x4f1a, 0x4f6a, 0x4f8c, 0x4fb5, 0x5093, 0x5096,
    0x5099, 0x50b8, 0x50bc, 0x514a, 0x5156, 0x5179, 0x517a, 0x5180,
    0x5187, 0x51eb, 0x51f0, 0x5229, 0x5267, 0x527f, 0x5293, 0x52a7,
    0x52c3, 0x530b, 0x531b, 0x5333, 0x5334, 0x5340, 0x5359, 0x535e,
    0x5361, 0x5392, 0x53d0, 0x53dc, 0x53e6, 0x5496, 0x54b1, 0x54d4,
    0x5559, 0x55b8, 0x562e, 0x565b, 0x565d, 0x5662, 0x5680, 0x571e,
    0x5727, 0x574a, 0x5752, 0x5784, 0x57ef, 0x583b, 0x584d, 0x5877,
    0x5879, 0x587a, 0x587b, 0x587e, 0x5881, 0x58e9, 0x5951, 0x5aa0,
    0x5aaa, 0x5ac8, 0x5ad9, 0x5adc, 0x5ae8, 0x5aea, 0x5af2, 0x5b1c,
    0x5b37, 0x5b46, 0x5b4a, 0x5b57, 0x5b5f, 0x5b66, 0x5b6a, 0x5b8c,
    0x5b90, 0x5b9b, 0x5ba5, 0x5bbf, 0x5bc1, 0x5c08, 0x5c40, 0x5c46,
    0x5d0a, 0x5d2e, 0x5d35, 0x5d42, 0x5d44, 0x5d52, 0x5dec, 0x5dfd,
    0x5e07, 0x5e18, 0x5e30, 0x5e33, 0x5e4a, 0x5eb9, 0x5ecc, 0x5f07,
    0x5f13, 0x5f3b, 0x5f71, 0x5f96, 0x5fa2, 0x6059, 0x606b, 0x6182,
    0x619d, 0x620c, 0x62d3, 0x62e2, 0x6489, 0x648f, 0x64a7, 0x64b6,
    0x64d7, 0x6500, 0x6515, 0x654a, 0x655c, 0x655e, 0x656f, 0x6592,
    0x65bf, 0x65d9, 0x6642, 0x6644, 0x6648, 0x6653, 0x665d, 0x667a,
    0x66a1, 0x66c1, 0x66ce, 0x66e7, 0x66ed, 0x673f, 0x6743, 0x6772,
    0x68a3, 0x68fe, 0x6952, 0x6963, 0x6989, 0x699b, 0x69af, 0x69f2,
    0x6a66, 0x6a73, 0x6a8d, 0x6b84, 0x6b88, 0x6baf, 0x6be9, 0x6c03,
    0x6c25, 0x6c35, 0x6c40, 0x6c43, 0x6c7a, 0x6cc7, 0x6cd8, 0x6cdc,
    0x6d41, 0x6d55, 0x6d7f, 0x6de0, 0x6ed4, 0x6f03, 0x6fa8, 0x6fb3,
    0x6ffe, 0x7071, 0x71b9, 0x7330, 0x7356, 0x7384, 0x73ae, 0x746f,
    0x7480, 0x7488, 0x75cb, 0x75d7, 0x7618, 0x7637, 0x766f, 0x768e,
    0x7743, 0x77f7, 0x780c, 0x782a, 0x7831, 0x78df, 0x78f7, 0x790e,
    0x7910, 0x7921, 0x795b, 0x79f9, 0x7a1b, 0x7a29, 0x7a49, 0x7a5f,
    0x7af1, 0x7c55, 0x7c7b, 0x7d2a, 0x7d8d, 0x7ebe, 0x7ec2, 0x7ede,
    0x7f24, 0x7f30, 0x7f50, 0x7f51, 0x7fa6, 0x7faa, 0x7fbf, 0x8002,
    0x8031, 0x8158, 0x81bf, 0x8201, 0x8203, 0x8221, 0x8293, 0x82a4,
    0x82da, 0x8311, 0x833f, 0x8342, 0x838d, 0x83c5, 0x851d, 0x85af,
    0x86c4, 0x86c6, 0x87a7, 0x8825, 0x88cf, 0x890d, 0x8910, 0x8922,
    0x897d, 0x8ab6, 0x8ac0, 0x8ada, 0x8ba0, 0x8bf1, 0x8c4c, 0x8cb4,
    0x8d3f, 0x8e1a, 0x8e1d, 0x8e65, 0x8e88, 0x8e99, 0x8f3a, 0x8f73,
    0x8f88, 0x8f9a, 0x8f9b, 0x8f9e, 0x8fa3, 0x8fa4, 0x8fc8, 0x8ff6,
    0x8ff8, 0x9045, 0x904d, 0x907d, 0x90fb, 0x911c, 0x911d, 0x9121,
    0x91d0, 0x92ce, 0x9368, 0x9385, 0x94c7, 0x94d0, 0x94db, 0x94e3,
    0x94f3, 0x9582, 0x95b2, 0x95c3, 0x95f7, 0x9615, 0x9642, 0x964b,
    0x96a2, 0x96b2, 0x9755, 0x9756, 0x9760, 0x977d, 0x9878, 0x98e9,
    0x9a24, 0x9a28, 0x9bc2, 0x9c43, 0x9c44, 0x9de7, 0x9def, 0x9e13,
    0x9edd
};

/*Collect the unicode lists and glyph_id offsets*/
static const lv_font_fmt_txt_cmap_t cmaps[] =
{
    {
        .range_start = 32, .range_length = 4, .glyph_id_start = 1,
        .unicode_list = NULL, .glyph_id_ofs_list = NULL, .list_length = 0, .type = LV_FONT_FMT_TXT_CMAP_FORMAT0_TINY
    },
    {
        .range_start = 37, .range_length = 57, .glyph_id_start = 5,
        .unicode_list = NULL, .glyph_id_ofs_list = NULL, .list_length = 0, .type = LV_FONT_FMT_TXT_CMAP_FORMAT0_TINY
    },
    {
        .range_start = 95, .range_length = 1, .glyph_id_start = 62,
        .unicode_list = NULL, .glyph_id_ofs_list = NULL, .list_length = 0, .type = LV_FONT_FMT_TXT_CMAP_FORMAT0_TINY
    },
    {
        .range_start = 97, .range_length = 29, .glyph_id_start = 63,
        .unicode_list = NULL, .glyph_id_ofs_list = NULL, .list_length = 0, .type = LV_FONT_FMT_TXT_CMAP_FORMAT0_TINY
    },
    {
        .range_start = 176, .range_length = 40670, .glyph_id_start = 92,
        .unicode_list = unicode_list_4, .glyph_id_ofs_list = NULL, .list_length = 329, .type = LV_FONT_FMT_TXT_CMAP_SPARSE_TINY
    }
};

/*-----------------
 *    KERNING
 *----------------*/


/*Map glyph_ids to kern left classes*/
static const uint8_t kern_left_class_mapping[] =
{
    0, 0, 0, 1, 0, 0, 0, 1,
    2, 0, 0, 0, 3, 4, 3, 5,
    0, 0, 0, 0, 0, 0, 0, 0,
    0, 0, 6, 6, 0, 0, 0, 0,
    0, 7, 8, 9, 10, 11, 12, 13,
    0, 0, 14, 15, 16, 0, 0, 10,
    17, 10, 18, 19, 20, 21, 22, 23,
    24, 25, 26, 2, 27, 0, 0, 28,
    29, 30, 0, 31, 32, 33, 34, 0,
    0, 35, 36, 34, 34, 29, 29, 37,
    38, 39, 40, 37, 41, 42, 43, 44,
    45, 2, 0, 0, 0, 0, 0, 0,
    0, 0, 0, 0, 0, 0, 0, 0,
    0, 0, 0, 0, 0, 0, 0, 0,
    0, 0, 0, 0, 0, 0, 0, 0,
    0, 0, 0, 0, 0, 0, 0, 0,
    0, 0, 0, 0, 0, 0, 0, 0,
    0, 0, 0, 0, 0, 0, 0, 0,
    0, 0, 0, 0, 0, 0, 0, 0,
    0, 0, 0, 0, 0, 0, 0, 0,
    0, 0, 0, 0, 0, 0, 0, 0,
    0, 0, 0, 0, 0, 0, 0, 0,
    0, 0, 0, 0, 0, 0, 0, 0,
    0, 0, 0, 0, 0, 0, 0, 0,
    0, 0, 0, 0, 0, 0, 0, 0,
    0, 0, 0, 0, 0, 0, 0, 0,
    0, 0, 0, 0, 0, 0, 0, 0,
    0, 0, 0, 0, 0, 0, 0, 0,
    0, 0, 0, 0, 0, 0, 0, 0,
    0, 0, 0, 0, 0, 0, 0, 0,
    0, 0, 0, 0, 0, 0, 0, 0,
    0, 0, 0, 0, 0, 0, 0, 0,
    0, 0, 0, 0, 0, 0, 0, 0,
    0, 0, 0, 0, 0, 0, 0, 0,
    0, 0, 0, 0, 0, 0, 0, 0,
    0, 0, 0, 0, 0, 0, 0, 0,
    0, 0, 0, 0, 0, 0, 0, 0,
    0, 0, 0, 0, 0, 0, 0, 0,
    0, 0, 0, 0, 0, 0, 0, 0,
    0, 0, 0, 0, 0, 0, 0, 0,
    0, 0, 0, 0, 0, 0, 0, 0,
    0, 0, 0, 0, 0, 0, 0, 0,
    0, 0, 0, 0, 0, 0, 0, 0,
    0, 0, 0, 0, 0, 0, 0, 0,
    0, 0, 0, 0, 0, 0, 0, 0,
    0, 0, 0, 0, 0, 0, 0, 0,
    0, 0, 0, 0, 0, 0, 0, 0,
    0, 0, 0, 0, 0, 0, 0, 0,
    0, 0, 0, 0, 0, 0, 0, 0,
    0, 0, 0, 0, 0, 0, 0, 0,
    0, 0, 0, 0, 0, 0, 0, 0,
    0, 0, 0, 0, 0, 0, 0, 0,
    0, 0, 0, 0, 0
};

/*Map glyph_ids to kern right classes*/
static const uint8_t kern_right_class_mapping[] =
{
    0, 0, 1, 2, 0, 0, 0, 2,
    0, 3, 4, 0, 5, 6, 7, 8,
    0, 0, 0, 0, 0, 0, 0, 0,
    0, 0, 9, 10, 0, 0, 0, 11,
    0, 12, 0, 13, 0, 0, 0, 13,
    0, 0, 14, 0, 0, 0, 0, 13,
    0, 13, 0, 15, 16, 17, 18, 19,
    20, 21, 22, 0, 23, 3, 0, 24,
    0, 25, 25, 25, 26, 27, 0, 28,
    29, 0, 0, 30, 30, 25, 30, 25,
    30, 31, 32, 33, 34, 35, 36, 37,
    38, 0, 0, 3, 0, 0, 0, 0,
    0, 0, 0, 0, 0, 0, 0, 0,
    0, 0, 0, 0, 0, 0, 0, 0,
    0, 0, 0, 0, 0, 0, 0, 0,
    0, 0, 0, 0, 0, 0, 0, 0,
    0, 0, 0, 0, 0, 0, 0, 0,
    0, 0, 0, 0, 0, 0, 0, 0,
    0, 0, 0, 0, 0, 0, 0, 0,
    0, 0, 0, 0, 0, 0, 0, 0,
    0, 0, 0, 0, 0, 0, 0, 0,
    0, 0, 0, 0, 0, 0, 0, 0,
    0, 0, 0, 0, 0, 0, 0, 0,
    0, 0, 0, 0, 0, 0, 0, 0,
    0, 0, 0, 0, 0, 0, 0, 0,
    0, 0, 0, 0, 0, 0, 0, 0,
    0, 0, 0, 0, 0, 0, 0, 0,
    0, 0, 0, 0, 0, 0, 0, 0,
    0, 0, 0, 0, 0, 0, 0, 0,
    0, 0, 0, 0, 0, 0, 0, 0,
    0, 0, 0, 0, 0, 0, 0, 0,
    0, 0, 0, 0, 0, 0, 0, 0,
    0, 0, 0, 0, 0, 0, 0, 0,
    0, 0, 0, 0, 0, 0, 0, 0,
    0, 0, 0, 0, 0, 0, 0, 0,
    0, 0, 0, 0, 0, 0, 0, 0,
    0, 0, 0, 0, 0, 0, 0, 0,
    0, 0, 0, 0, 0, 0, 0, 0,
    0, 0, 0, 0, 0, 0, 0, 0,
    0, 0, 0, 0, 0, 0, 0, 0,
    0, 0, 0, 0, 0, 0, 0, 0,
    0, 0, 0, 0, 0, 0, 0, 0,
    0, 0, 0, 0, 0, 0, 0, 0,
    0, 0, 0, 0, 0, 0, 0, 0,
    0, 0, 0, 0, 0, 0, 0, 0,
    0, 0, 0, 0, 0, 0, 0, 0,
    0, 0, 0, 0, 0, 0, 0, 0,
    0, 0, 0, 0, 0, 0, 0, 0,
    0, 0, 0, 0, 0, 0, 0, 0,
    0, 0, 0, 0, 0, 0, 0, 0,
    0, 0, 0, 0, 0, 0, 0, 0,
    0, 0, 0, 0, 0, 0, 0, 0,
    0, 0, 0, 0, 0
};

/*Kern values between classes*/
static const int8_t kern_class_values[] =
{
    0, 0, 0, 0, -42, 0, -42, 0,
    0, 0, 0, -22, 0, -35, -3, 0,
    0, 0, 0, -3, 0, 0, 0, 0,
    -6, 0, 0, 0, 0, 0, -7, 0,
    0, 0, 0, 0, 0, 0, 0, 0,
    0, 0, 0, 0, 0, 0, 0, 0,
    0, 0, 0, -7, 0, 0, 0, 0,
    0, 0, 0, 0, 0, 0, 0, 0,
    0, 0, 26, 0, 0, 0, 0, 0,
    0, 0, 0, 0, 0, -39, 0, -52,
    0, 0, 0, 0, 0, 0, 0, 0,
    0, 0, 0, -33, -8, -24, -12, 0,
    -35, 0, 0, 0, -3, 0, 0, 0,
    11, 0, 0, -19, 0, -18, -10, 0,
    -7, 0, 0, 0, 0, 0, 0, 0,
    0, 0, 0, 0, 0, 0, 0, -7,
    -8, -18, 0, -6, -3, -11, -24, -7,
    0, 0, 0, 0, 0, 0, 0, 0,
    0, -7, 0, -5, 0, -5, 0, 0,
    0, 0, 0, 0, 0, 0, 0, 0,
    0, 0, 0, -13, -3, -26, 0, 0,
    0, 0, 0, 0, 0, 0, 0, -9,
    -7, 0, -3, 4, 4, 0, 0, 0,
    -7, 0, 0, 0, 0, 0, 0, 0,
    0, -11, 0, 0, 0, 0, 0, 0,
    0, 0, 0, 0, 0, 0, 0, 0,
    0, 0, -11, 0, 0, 0, 0, 0,
    0, 0, 1, 0, 0, 0, 0, 0,
    0, 0, 0, 0, 0, -22, 0, -28,
    0, 0, 0, 0, 0, 0, -11, -1,
    -3, 0, 0, -22, -4, -5, 0, -1,
    -5, -1, -13, 5, 0, -3, 0, 0,
    0, 0, 5, -5, -1, -5, -2, -2,
    -5, 0, 0, 0, 0, -10, 0, 0,
    0, 0, 0, 0, 0, 0, 0, -6,
    -5, -9, 0, -3, -2, -2, -5, -2,
    0, 0, 0, 0, 0, 0, 0, 0,
    0, -3, 0, -5, -3, -3, -5, 0,
    0, 0, 0, 0, 0, -11, 0, 0,
    0, 0, 0, 0, -11, -3, -9, -5,
    -5, -2, -2, -2, -5, -3, 0, 0,
    0, 0, -7, 0, 0, 0, 0, -11,
    -3, -5, -3, 0, -5, 0, 0, 0,
    0, -9, 0, 0, 0, -5, 0, 0,
    0, -3, 0, -16, 0, -9, 0, -3,
    -1, -8, -7, -7, 0, 0, 0, 0,
    0, 0, 0, 0, 0, 0, 0, 0,
    0, -5, 0, -5, 0, 0, 0, 0,
    0, 0, 0, 0, 0, 0, 0, 0,
    0, 0, 0, 0, 0, 0, 0, 0,
    0, 0, 0, 0, -3, 0, 0, 0,
    0, 0, 0, -9, 0, -3, 0, -13,
    -3, 0, 0, 0, 0, 0, -29, 0,
    -29, -18, 0, 0, 0, -13, -3, -44,
    -8, 0, 0, -1, -1, -9, -3, -10,
    0, -12, -5, 0, -9, 0, 0, -7,
    -8, -3, -6, -10, -8, -11, -8, -15,
    0, 0, 0, -8, 0, 0, 0, 0,
    0, 0, 0, -2, 0, 0, 0, -7,
    0, -5, -2, 0, 0, 0, 0, 0,
    0, 0, 0, 0, 0, 0, 0, 0,
    0, 0, 0, 0, 0, 0, 0, 0,
    0, 0, -9, 0, -9, 0, 0, 0,
    0, 0, 0, -13, 0, 0, 0, 0,
    0, 0, 0, 0, 0, 0, 0, 0,
    0, 0, 0, 0, 0, 0, 0, 0,
    0, 0, 0, 0, 0, -10, 0, -13,
    0, -15, 0, 0, 0, 0, -5, -3,
    -8, 0, -5, -8, -5, -5, -3, 0,
    -8, 0, 0, 0, -5, 0, 0, 0,
    -3, 0, 0, -16, -4, -10, -8, -8,
    -10, -5, 0, -41, 0, -54, 0, -15,
    0, 0, 0, 0, -15, -1, -11, 0,
    -9, -39, -11, -26, -19, 0, -27, 0,
    -26, 0, -4, -5, -2, 0, 0, 0,
    0, -8, -3, -16, -12, 0, -16, 0,
    0, 0, 0, 0, -41, -9, -41, -19,
    0, 0, 0, -16, 0, -47, -3, -5,
    0, 0, 0, -9, -3, -19, 0, -12,
    -7, 0, -7, 0, 0, 0, -3, 0,
    0, 0, 0, -5, 0, -7, 0, 0,
    0, -3, 0, -10, 0, 0, 0, 0,
    0, -2, 0, -5, -5, -5, 0, -3,
    1, -2, -3, -3, 0, -2, -3, 0,
    -2, 0, 0, 0, 0, 0, 0, 0,
    0, -5, 0, -5, 0, 0, 0, -4,
    0, 5, 0, 0, 0, 0, 0, 0,
    0, -5, -5, -7, 0, 0, 0, 0,
    -5, 0, 0, 0, 0, 0, 0, 0,
    0, 0, 0, -9, 0, 0, 0, 0,
    0, -3, 0, 0, 0, 0, -37, -22,
    -37, -24, -7, -7, 0, -13, -9, -40,
    -10, 0, 0, 0, 0, -7, -5, -15,
    0, -22, -24, -5, -22, 0, 0, -14,
    -19, -5, -14, -9, -9, -10, -9, -22,
    0, 0, 0, 0, -8, 0, -8, -7,
    0, 0, 0, -4, 0, -18, -3, 0,
    0, -2, 0, -3, -5, 0, 0, -2,
    0, 0, -3, 0, 0, 0, -2, 0,
    0, 0, 0, -5, 0, 0, 0, 0,
    0, 0, -24, -6, -24, -11, 0, 0,
    0, -5, -3, -22, -3, 0, -3, 3,
    0, 0, 0, -6, 0, -10, -6, 0,
    -7, 0, 0, -7, -5, 0, -10, -3,
    -3, -6, -3, -7, 0, 0, 0, 0,
    -12, -3, -12, -5, 0, 0, 0, 0,
    -1, -17, -1, 0, 0, 0, 0, 0,
    0, -1, 0, -4, 0, 0, -2, 0,
    0, 0, 0, 0, 0, 0, 0, 0,
    0, -3, 0, -3, 0, -3, 0, -11,
    0, 0, 0, 0, 0, -1, -8, -3,
    -5, -7, -3, 0, 0, 0, 0, 0,
    0, -3, -5, -8, 0, 0, 0, 0,
    0, -8, -3, -8, -5, -3, -8, -5,
    0, 0, 0, 0, -35, -24, -35, -17,
    -11, -11, -5, -5, -5, -33, -6, -5,
    -3, 0, 0, 0, 0, -7, 0, -24,
    -17, 0, -20, 0, 0, -13, -17, -15,
    -12, -5, -9, -12, -5, -18, 0, 0,
    0, 0, 0, -9, 0, 0, 0, 0,
    0, -1, -7, -9, -10, 0, -3, -1,
    -1, 0, -5, -4, 0, -4, -5, -7,
    -4, 0, 0, 0, 0, -5, -5, -4,
    -4, -9, -4, 0, 0, 0, 0, 0,
    0, 0, 0, 0, 0, 0, 0, 0,
    0, 0, 0, -24, -6, -15, -6, 0,
    -22, 0, 0, 0, 0, 0, 9, 0,
    22, 0, 0, 0, 0, -7, -3, 0,
    2, 0, 0, 0, 0, -15, 0, 0,
    0, 0, 0, 0, -9, 0, 0, 0,
    0, -9, 0, -8, -2, 0, -9, 0,
    0, 0, 0, 0, 0, 0, 0, 0,
    0, -5, 0, 0, 0, 0, 0, 0,
    0, -6, 0, -4, -3, 1, -3, 0,
    0, 0, -9, 0, 0, 0, 0, -19,
    0, -6, 0, -2, -18, 0, -11, -4,
    0, -1, 0, 0, 0, 0, -1, -8,
    0, -2, -2, -8, -2, -3, 0, 0,
    0, 0, 0, -10, 0, 0, 0, 0,
    0, 0, 0, 0, 0, -7, 0, -5,
    0, 0, -9, 0, 0, -3, -9, 0,
    -3, 0, 0, 0, 0, -3, 0, 1,
    1, 0, 1, 0, 0, 0, 0, -9,
    0, 3, 0, 0, 0, 0, -5, 0,
    0, -7, -7, -9, 0, -8, -3, 0,
    -11, 0, -10, -4, 0, -1, -3, 0,
    0, 0, 0, -3, 0, -1, -1, -5,
    -1, -2, 2, 13, 13, 0, -20, -5,
    -20, -2, 0, 0, 7, 0, 0, 0,
    0, 14, 0, 20, 14, 9, 16, 0,
    13, -7, -3, 0, -4, 0, -3, 0,
    -2, 0, 0, 2, 0, -2, 0, -5,
    0, 0, 2, -9, 0, 0, 0, 11,
    0, 0, -14, 0, 0, 0, 0, -11,
    0, 0, 0, 0, -5, 0, 0, -6,
    -5, 0, 0, 0, 14, 0, 0, 0,
    0, -2, -2, 0, 2, -5, 0, 0,
    0, -9, 0, 0, 0, 0, 0, 0,
    -5, 0, 0, 0, 0, -9, 0, -3,
    0, 0, -8, 0, 0, 0, 0, 0,
    0, 0, 0, 0, 0, 0, 0, 0,
    0, 0, 0, 0, 0, 0, 0, -7,
    2, -24, 2, 0, 2, 2, -9, 0,
    0, 0, 0, -16, 0, 0, 0, 0,
    -5, 0, 0, -3, -8, 0, -3, 0,
    -3, 0, 0, -10, -5, 0, 0, -5,
    0, -5, 0, 0, 0, 0, 0, 0,
    0, 0, 0, 0, 0, 0, 0, 0,
    0, 0, 0, 0, 0, 0, 0, 0,
    0, 0, 0, 0, 0, 0, 3, 0,
    0, 0, 0, 0, 0, 0, 0, 0,
    0, 0, 0, -5, 0, 0, 0, 0,
    0, 0, 0, 0, 0, 0, 0, -7,
    0, -5, 0, 0, -10, 0, 0, 0,
    0, 0, 0, 0, 0, 0, 0, 0,
    0, 0, 0, 0, 0, 0, 0, 0,
    0, 0, -26, -9, -26, -9, 4, 4,
    0, -5, 0, -22, 0, 0, 0, 0,
    0, 0, 0, -3, 2, -9, -3, 0,
    -3, 0, 0, 0, -2, 0, 0, 4,
    3, 0, 4, -2, 0, 0, 0, -11,
    0, 3, 0, 0, 0, 0, -7, 0,
    0, 0, 0, -9, 0, -3, 0, 0,
    -7, 0, 0, 0, 0, 0, 0, 0,
    0, 0, 0, -7, 0, 0, 0, 0,
    0, 0, 0, 0, 0, 0, -2, -11,
    -2, 0, 2, 2, -11, 0, 0, 0,
    0, -5, 0, 0, 0, 0, -2, 0,
    0, -7, -5, 0, -3, 0, 0, 0,
    -3, -7, 0, 0, 0, -4, 0, 0,
    0, 0, 0, -3, -18, -5, -18, -7,
    0, 0, 0, -4, 0, -13, 0, -7,
    0, -3, 0, 0, -5, -3, 0, -7,
    -2, 0, 0, 0, -3, 0, 0, 0,
    0, 0, 0, 0, 0, -9, 0, 0,
    0, -3, -24, 0, -24, -1, 0, 0,
    0, -2, 0, -10, 0, -9, 0, -3,
    0, -5, -9, 0, 0, -3, -2, 0,
    0, 0, -3, 0, 0, 0, 0, 0,
    0, 0, 0, -8, -5, 0, 0, -7,
    5, -5, -5, 0, 0, 5, 0, 0,
    -3, 0, -2, -9, 0, -6, 0, -3,
    -12, 0, 0, -3, -8, 0, 0, 0,
    0, 0, 0, -9, 0, 0, 0, 0,
    -3, 0, 0, 0, 0, 0, -18, 0,
    -18, -2, 0, 0, 0, 0, 0, -13,
    0, -7, 0, -2, 0, -2, -5, 0,
    0, -7, -2, 0, 0, 0, -3, 0,
    0, 0, 0, 0, 0, -5, 0, -9,
    0, 0, 0, 0, 0, -8, 0, 0,
    0, 0, 0, 0, 0, 0, 0, -7,
    0, 0, 0, 0, -6, 0, 0, -5,
    -3, 0, -1, 0, 0, 0, 0, 0,
    -3, -2, 0, 0, -2, 0
};


/*Collect the kern class' data in one place*/
static const lv_font_fmt_txt_kern_classes_t kern_classes =
{
    .class_pair_values   = kern_class_values,
    .left_class_mapping  = kern_left_class_mapping,
    .right_class_mapping = kern_right_class_mapping,
    .left_class_cnt      = 45,
    .right_class_cnt     = 38,
};

/*--------------------
 *  ALL CUSTOM DATA
 *--------------------*/

#if LVGL_VERSION_MAJOR == 8
/*Store all the custom data of the font*/
static  lv_font_fmt_txt_glyph_cache_t cache;
#endif

#if LVGL_VERSION_MAJOR >= 8
static const lv_font_fmt_txt_dsc_t font_dsc = {
#else
static lv_font_fmt_txt_dsc_t font_dsc = {
#endif
    .glyph_bitmap = glyph_bitmap,
    .glyph_dsc = glyph_dsc,
    .cmaps = cmaps,
    .kern_dsc = &kern_classes,
    .kern_scale = 16,
    .cmap_num = 5,
    .bpp = 1,
    .kern_classes = 1,
    .bitmap_format = 0,
#if LVGL_VERSION_MAJOR == 8
    .cache = &cache
#endif
};



/*-----------------
 *  PUBLIC FONT
 *----------------*/

/*Initialize a public general font descriptor*/
#if LVGL_VERSION_MAJOR >= 8
const lv_font_t font_source_han_sans_18 = {
#else
lv_font_t font_source_han_sans_18 = {
#endif
    .get_glyph_dsc = lv_font_get_glyph_dsc_fmt_txt,    /*Function pointer to get glyph's data*/
    .get_glyph_bitmap = lv_font_get_bitmap_fmt_txt,    /*Function pointer to get glyph's bitmap*/
    .line_height = 21,          /*The maximum line height required by the font*/
    .base_line = 5,             /*Baseline measured from the bottom of the line*/
#if !(LVGL_VERSION_MAJOR == 6 && LVGL_VERSION_MINOR == 0)
    .subpx = LV_FONT_SUBPX_NONE,
#endif
#if LV_VERSION_CHECK(7, 4, 0) || LVGL_VERSION_MAJOR >= 8
    .underline_position = -2,
    .underline_thickness = 1,
#endif
    .dsc = &font_dsc,          /*The custom font data. Will be accessed by `get_glyph_bitmap/dsc` */
#if LV_VERSION_CHECK(8, 2, 0) || LVGL_VERSION_MAJOR >= 9
    .fallback = NULL,
#endif
    .user_data = NULL,
};



#endif /*#if FONT_SOURCE_HAN_SANS_18*/

